prod_id,prod_nm,item_features,wholesale_price
0,sony turntable pslx350h,sony turntable pslx350h belt drive system 33-1/3 and 45 rpm speeds servo speed control supplied moving magnet phono cartridge bonded diamond stylus static balance tonearm pitch control,
1,bose acoustimass 5 series iii speaker system am53bk,bose acoustimass 5 series iii speaker system am53bk 2 dual cube speakers with two 2-1/2 ' wide-range drivers in each speaker powerful bass module with two 5-1/2 ' woofers 200 watts max power black finish,399.0
2,sony switcher sbv40s,sony switcher sbv40s eliminates disconnecting and reconnecting cables compact design 4 a/v inputs with s-video jacks 1 a/v output with s-video ( y/c ) jack 2 audio output,49.0
3,sony 5 disc cd player cdpce375,sony 5 disc cd player - cdpce375 5 disc changer variable line output cd-r/rw playback capability 20 track music calendar digital servo control remote commander remote control,
4,bose 27028 161 bookshelf pair speakers in white 161wh,bose 161 bookshelf speakers in white 161wh articulated array speaker design high-excursion twiddler drivers magnetically shielded priced per pair white finish,158.0
5,denon stereo tuner tu1500rd,denon stereo tuner tu1500rd rds radio data system am-fm 40 station random memory rotary tuning knob dot matrix fl display optional remote,375.0
6,kitchenaid pasta roller and cutter kpra,kitchenaid pasta roller and cutter kpra one pasta roller two pasta cutters cleaning brush chrome finish,
7,panasonic yeast pro automatic breadmaker sdyd250,panasonic yeast pro automatic breadmaker sdyd250 patented yeast dispenser 2.5 lb to 1.5 lb loaf choice of bread and baking modes 13 hour countdown digital timer nonstick coating for easy cleanup,
8,sony vertical-in-the-ear stereo headphones mdrj10,sony vertical-in-the-ear stereo headphones mdrj10 clip on style 13.5 mm driver unit blue finish,
9,panasonic 2-line integrated telephone kxtsc14w,panasonic 2-line integrated telephone kxtsc14w call waiting 50-station caller id voice mail message-waiting indicator speakerphone 3-line lcd display white finish,
10,panasonic integrated telephone system kxts108w,panasonic integrated telephone system kxts108w 16 digit lcd with clock hands free speakerphone built-in data port 10-station one-touch dialing 3-step ringer volume white finish,44.0
11,panasonic 2-line integrated telephone system kxts208w,panasonic 2-line integrated telephone system kxts208w 3-way conference one-touch/speed dialer speakerphone white finish,
12,sony 300 disc cd changer cdpcx355,sony 300 disc cd changer cdpcx355 megastorage control cd-r/cd-rw playback 32 step program play control a1 ii custom file memo cd text keyboard input 2 jog dials remote control black finish,
13,sony 400 disc megastorage cd changer cdpcx455,sony 400 disc megastorage cd changer cdpcx455 mp3 playback capability cd-r/cd-rw playback twin jog dial for easy disc access megachanger control optical digital output keyboard input remote commander ® remote control,
14,panasonic hands-free headset kxtca86,panasonic hands-free headset kxtca86 comfort fit and fold design noise cancelling microphone standard 2.5 mm connection,14.95
15,panasonic hands free headset kxtca92,panasonic hands free headset kxtca92 comfort fit with fold design noise cancelling microphone volume control mute standard 2.5 mm connection,25.0
16,cuisinart convection-oven-toaster-broiler with exact heat sensor tob165wh,cuisinart convection-oven-toaster-broiler with exact heat sensor tob165wh 0.5 cubic foot oven capacity led indicators individual or combination settings always even shade control 4 hour automatic shut off slide-out crumb tray includes broiling pan white finish,149.0
17,frigidaire 24 ' white built-in dishwasher fdb130wh,frigidaire 24 ' fdb130rgs white built-in dishwasher fdb130wh convection drying system quietsound sound insulation package 2 wash levels adjustable rinse aid dispenser self cleaning filter white finish,229.0
18,cuisinart cordless electric kettle kua17,cuisinart cordless electric kettle kua17 1-3/4 quart capacity automatic shut-off indicator light splash guard spout cord storage in base chrome finish,70.0
19,omnimount wall speaker mount 20wlbk,omnimount wall speaker mount 20wlbk stainless steel shafts and all necessary hardware included supports speakers up to 20 lbs . sold as single black finish,39.95
20,omnimount wall speaker mount 20wlwh,omnimount wall speaker mount 20wlwh stainless steel shafts and all necessary hardware included supports speakers up to 20 lbs . sold as each white finish ( photo showing black ),40.0
21,denon semi-automatic turntable black finish dp29f,denon semi-automatic turntable dp29f metal platter built-in riaa equalizer dc servo motor 2 speed 33 + 45 rpm built-in phono preamp,150.0
22,sony xplod 10-disc add-on cd/mp3 changer cdx565mxrf,sony xplod 10-disc add-on cd/mp3 changer cdx565mxrf cd/cd-r/cd-rw and mp3 playback mp3 decoding d-bass 12-second advanced electronic shock protection fm modulator 9 modulation frequencies wireless remote,
23,escort passport radar and laser detector black finish 8500,"escort passport x50 radar and laser detector 8500 x-band , k-band , ka-band operating bands algaas 280 led matrix/text display type 3-level dimming , plus dark mode auto mute city mode sensitivity compact size red display",313.95
24,peerless wall tv mounts in black pm1327bk,peerless wall tv mounts pm1327bk tv wall mount with adjustable width support tray for 13 ' -27 ' set black finish,
25,panasonic laser toner cartridge kxfa83,panasonic laser toner cartridge kxfa83 used with fl511/f541 fax machines,
26,sony compact disc player/recorder rcdw500c,"sony compact disc player/recorder rcdw500c 5-cd/dual deck with 4x high speed dubbing cd , cd-r , cd-rw , mp3 playback capable super bit mapping recording high speed finalizing",299.0
27,sanus wms3b black weather resistant small speaker wall mount wms3b,sanus wms3b black small speaker wall mount wms3b holds up to an 8 pound speaker multiple pivot points weather resistant for indoor/outdoor use black finish priced per pair,29.99
28,sanus wms3s silver weather resistant small speaker wall mount wms3s,sanus wms3s silver small speaker wall mount wms3s holds up to an 8 pound speaker multiple pivot points weather resistant for indoor/outdoor use silver finish priced per pair,29.99
29,sanus euro foundations satellite speaker stand efsatb,sanus euro foundations satellite speaker stand efsatb sturdy base adjustable pillar and floor spikes includes three different speaker mounting methods contemporary european design satin powder-coated black finish priced per pair,79.99
30,sanus euro foundations satellite speaker stand efsats,sanus euro foundations satellite speaker stand efsats sturdy base adjustable pillar and floor spikes includes three different speaker mounting methods contemporary european design satin powder-coated silver finish priced per pair,79.99
31,onkyo 6 disc cd player changer dxc390b,onkyo 6 disc cd player changer - dxc390b multi single-bit dac 6 repeat modes 40 random track memory direct track access 96 db s/n ratio 5 hz-20 khz frequency response remote control included black finish,
32,panasonic corded phone kxts3282b,panasonic corded phone kxts3282b 2 phone lines call waiting 50-station caller id speakerphone 3-line lcd display black finish,
33,escort cordless solo radar detector s2e,escort cordless solo radar detector s2e s2 10 programmable features high-efficiency power management ultra-performance laser protection autosensitivity mode high resolution graphic lcd display built-in earphone jack,343.95
34,garmin deluxe carrying case black finish 0101023101,"garmin deluxe carrying case 0101023101 designed for street pilot iii 2610/2650 gps systems holds your gps system , mounting bracket , cables , batteries and data cards",
35,kenwood 6-disc cd changer kdcc669,"kenwood 6-disc cd changer kdcc669 3-angle mounting cd , cd-r and cd-rw playback anti-vibration disc transport compatible with all kenwood units with changer control",129.0
36,cuisinart automatic brew and serve coffeemaker dtc975bk,cuisinart automatic brew and serve coffeemaker dtc975bk 12-cup double-wall insulated stainless steel carafe fully automatic with 24-hour programmability patented brew-through and pour-through lid brew pause feature automatic shutoff black and stainless steel finish,99.95
37,sharp over the counter microwave oven r1214ss,sharp over the counter microwave oven r1214ss 1.5 cubic foot capacity 1100 watts 24 automatic settings 2-color lighted lcd smart and easy sensor settings auto-touch control panel stainless steel finish,429.0
38,toshiba rechargeable 5-hour battery pack medb05lx,toshiba rechargeable 5-hour battery pack medb05lx works with sdp2500 and sdp2600 portable dvd players,149.99
39,ge gsd4000nww white built-in dishwasher gsd4000wh,ge gsd4000nww white built-in dishwasher gsd4000wh 5-level powerscrub wash system with powershower electronic controls 100 percent water filtration with extrafine filter 2/4/8-hour delay start china/crystal cycle white finish,
40,sony stereo audio receiver strde197,sony stereo audio receiver strde197 100 watts per channel x 2 am/fm tuning with 30 presets 5 function input selector 8 ohm rated amplifier remote control,
41,maytag bisque over-the-range microwave oven mmv4205bt,"maytag bisque over-the-range microwave oven mmv4205bt 2.0 cu . ft. capacity 1,150 watts ten power levels 220 cfm airflow with two adjustable fan speeds scrolling vfd display twelve instant touch pads precision touch electronic controls digital display with clock and kitchen timer bisque finish",
42,maytag over-the-range microwave oven mmv5207bk,"maytag over-the-range microwave oven mmv5207bk 2.0 cubic foot capacity 1,100 watts ten power levels sensor cook custom program option wideglide tray delay-stop fan settings deluxe charcoal odor filter black finish",
43,panasonic genius prestige inverter microwave convection oven nnc994ss in stainless steel nnc994ss,panasonic genius prestige microwave convection oven nnc994ss 1.5 cubic foot capacity 1100 w microwave inverter power 1500 w convection power genius sensor cook two level cooking half mirror finish glass door stainless steel finish,
44,sony super audio cd player scdce595,sony super audio cd player scdce595 multi-channel super audio cd playback capability cd/cd-r/cd-rw playback capability multi-channel direct stream digitial decoder multi-channel management system sacd text/cd text capability eta late january 2009,149.0
45,whirlpool 24 ' built-in dishwasher du1100ss,whirlpool 24 ' built-in dishwasher du1100ss 14-five piece place setting super capacity tub 5 level wash temperature and pressure sensors 4 automatic cycles soak and scour option anyware plus silverware basket hard food disposer with self-cleaning filter quiet partner ii sound package energy star qualified black-on-stainless finish,
46,danby twin tub washer dtt420wh,danby twin tub washer dtt420wh 10lb capacity energy efficient full length agitator 2 wash options 1600 rpm spin dry cycle rust resistant galvanized steel cabinet quiet operation white finish,
47,omnimount tv top shelf mount cch1p,"omnimount tv top shelf mount cch1p tv top shelf mount for crt , lcd & dlp tvs platinum finish",
48,omnimount tv top shelf mount cch1b,"omnimount tv top shelf mount cch1b tv top shelf mount for crt , lcd & dlp tvs black finish ( photo showing plantinum )",
49,delonghi twenty four seven coffee maker in black dc50b,"delonghi twenty four seven coffee maker dc50b 4-cup capacity easy-access , washable filter basket black finish",22.0
50,sanus silver lcd television turntable tvlcds,sanus silver lcd television turntable tvlcds holds 13 ' -30 ' size televisions 360 degree rotation silver finish,29.99
51,frigidaire 27 ' electric stack washer dryer combo fex831wh,frigidaire 27 ' electric stack washer dryer combo fex831wh extra-large capacity wash tub 3 wash rinse temperatures 8 cycles heavy-duty single speed 3/4 hp motor 5.7 cubic foot super capacity dryer drum balanced dry system 1 auto dry cycle quick clean lint screen white finish,
52,olympus olympus ni-mh quick charger and battery set b90su,olympus olympus ni-mh quick charger and battery set b90su ultra-compact size and removable ac cable charges four aa batteries in around 255 minutes 4 x 2300mah aa batteries included,
53,sony digital photo printer paper 40 pack svmf40p,sony digital photo printer paper 40 pack svmf40p 4 ' x 6 ' print paper with snap-off edges super coat 2 protective lamination water damage and fingerprint resistant prints 40 sheets of paper and print ribbon for dppf series digital photo printers only,
54,canon rechargeable battery 9763a001,"canon rechargeable battery 9763a001 compatible with the sd200 , sd300 , sd400 , sd30 , sd450 , sd600 , sd630 , sd750 , sd1000 and other powershot cameras oem litium ion battery 180 minutes of playback time",
55,delonghi twenty four seven coffee maker dc50w,"delonghi twenty four seven coffee maker dc50w 4-cup capacity easy-access , washable filter basket white finish",22.0
56,universal ir/rf remote mx350,universal ir/rf remote mx350 controls up to 10 components extensive macro programming memory back-up one hand ergonomics,149.95
57,universal ir/rf aeros remote control - mx850 mx850,universal ir/rf aeros remote control - mx850 laser etched buttons centrally located joystick memory back-up one hand ergonomics controls up to 20 components,399.95
58,panasonic 5-pack dvd-ram discs lmaf120lu5,panasonic 5-pack dvd-ram discs lmaf120lu5 slim cases 2-3x speed single-sided 120 minute ( 4.7 gb/non-cartridge ) for video recording 5 pack,15.0
59,belkin ac anywhere f5c400300w,belkin ac anywhere f5c400300w mobile power adapter for your vehicle powers portable devices using a 300-watt power inverter 2 ac outlets converts dc power to ac power from a cigarette lighter socket automatic overheat shut-off low-battery alarm overload protection replaceable fuse included power led indicator,
60,sanus 13 ' 30 ' visionmount flat panel tv silver wall mount vmfs,sanus 13 ' 30 ' visionmount flat panel tv silver wall mount vmfs supports up to 40 lbs easy to install fingertip virtual axis tilting system silver finish,39.99
61,weber performer 22-1/2 ' charcoal grill 841001,weber performer 22-1/2 ' charcoal grill 841001 push-button igniter porcelain-enameled bowl and lid dual-purpose themometer crackproof all-weather wheels black lid finish assembly required,329.0
62,sanus 13 ' 30 ' flat panel tv black wall mount vm1b,sanus 13 ' 30 ' flat panel tv black wall mount vm1b tilt and swivel motion rigid extruded aluminum construction supports up to 50 lbs black finish,69.99
63,sony hd dvc tape dvm63hd,sony hd dvc tape dvm63hd 63 minutes recording time high definition video recording designed for 1080i or 720p hdv,
64,sanus 15 ' 40 ' flat panel tv silver wall mount vm400s,sanus 15 ' 40 ' flat panel tv silver wall mount vm400s virtual axis tilt adjustment system hinged arm extend from 3.5 ' to 20 ' durable powder coated silver finish,219.99
65,sanus 15 ' 40 ' flat panel tv black wall mount vm400b,sanus 15 ' 40 ' flat panel tv black wall mount vm400b virtual axis tilt adjustment system hinged arm extend from 3.5 ' to 20 ' durable powder coated black finish,
66,frigidaire electric dryer feq1442wh,frigidaire electric dryer feq1442wh 5.8 cubic foot super capacity drum 7 auto dry cycles 4 dryness level selections 90 minute timed dry 4 temperature options white finish,
67,delonghi oil filters fk8,delonghi oil filters fk8 made for use with d895ux 3 pack,18.0
68,danby designer portable dishwasher ddw1805wh,danby designer portable dishwasher ddw1805wh 8 place settings capacity adjustable upper dish rack 7 wash programs three tier spray wash system white finish,
69,canon optura/elura accessory kit accessorykit,canon optura/elura accessory kit accessorykit bp-2l14 battery carrying case mini dv tape .,
70,mosquito magnet defender replacement net mm4000net1,mosquito magnet defender replacement net mm4000net1 1-pack,
71,panasonic genius countertop microwave in white nnh965wh,panasonic genius countertop white microwave nnh965wh 2.2 cubic foot inverter turbo defrost child safety lock versatile function key white finish,
72,weber performer 22-1/2 ' charcoal grill 848001,weber performer 22-1/2 ' charcoal grill 848001 push-button igniter porcelain-enameled bowl and lid dual-purpose themometer crackproof all-weather wheels blue lid finish assembly required,329.0
73,whirlpool 24 ' built-in dishwasher du1055bk,whirlpool 24 ' built-in dishwasher du1055bk 14-five piece place setting super capacity tub 5 level direct feed sheerclean wash system 4 cycles anyware plus silverware basket quiet partner i sound package energy star qualified black finish,397.0
74,whirlpool 24 ' built-in dishwasher du1055ss,whirlpool 24 ' built-in dishwasher du1055ss 14-five piece place setting super capacity tub 5 level direct feed sheerclean wash system 4 cycles soak and scour option anyware plus silverware basket quiet partner i sound package energy star qualified black on stainless finish,491.0
75,cuisinart countertop griddler gr4,cuisinart countertop griddler gr4 nonstick grill knob selector light indicator temperature controls cleaning/scraping tool included,
76,nikon af speedlight accessory sb600,nikon af speedlight accessory sb600 versatile remote speedlight i-ttl flash control fv lock ( flash value lock ) auto fp high speed sync mode,
77,panasonic genius countertop microwave in black nnh965bk,panasonic genius countertop microwave nnh965bk 2.2 cubic foot inverter turbo defrost child safety lock versatile function key black finish /,
78,sony soft cyber-shot carrying case lcscst,sony soft cyber-shot carrying case lcscst sturdy nylon construction compact and very lightweight stylish black design,14.0
79,pioneer xm digital satellite tuner for pioneer headunits gexp920xm,pioneer xm digital satellite tuner for pioneer headunits gexp920xm sat radio ready xm ready built-in fm modulator 18 - station 6 - button presets magne mount installation,98.0
80,sanus universal projector ceiling mount black finish vmpr1b,sanus universal projector ceiling mount vmpr1b designed for dlp and lcd projectors quick release mechanism 50 lbs capacity black finish,129.99
81,omnimount g-303 gray stellar series audio tower g303gr,omnimount g-303 gray stellar series audio tower g303gr supports tabletop flat panels three floating shelf design integrated cable management gray finish,
82,sennheiser rf wireless headphones rs140,sennheiser rf wireless headphones rs140 switchable compression balance control for right/left volume adjustment high output level intelligent auto-tuning with memory function self-learning automatic level control easy recharging,
83,kenwood ipod mobile interface kcaip500,"kenwood ipod mobile interface kcaip500 compatible with most kenwood receivers text display , multiple search mode powers and charges ipod",49.99
84,pioneer wired marine remote control display cdmr80d,pioneer wired marine remote control display cdmr80d compatible with pioneer headunits satellite radio text indications att ( volume attenuator ) button,149.0
85,bose second zone remote pmc2,"bose second zone remote pmc2 controls lifestyle 38 or 48 media center tv , vcr , cable box , satellite receiver accesses digitally stored cds in umusic system",149.0
86,sony 400-disc dvd/sa-cd/cd mega changer dvpcx995v,"sony 400-disc dvd , sacd & cd mega changer dvpcx995v super audio cd playback dvd-rw/dvd-r/dvd + rw/dvd + r playback 12 bit video dac dolby digital and dts advanced smoothscan technology instant replay back ground graphics black finish",
87,sanus 32 ' 84 ' flat panel tv black tilting wall mount vmpl3b,sanus 32 ' 84 ' flat panel tv black tilting wall mount vmpl3b virtual axis tilt adjustment system supports up to 280 lbs . fits most large flat panel lcd tvs easy to install black finish,
88,sony dvd-r recordable camcorder media 3dmr30l1h,"sony dvd-r recordable camcorder media 3 pack 3dmr30l1h 30 minute , 1.4 gb accucore technology store digital video , audio and multimedia files 3 pack",9.99
89,sony vaio neoprene laptop carrying case black finish vgpamc3,"sony vaio neoprene laptop carrying case vgpamc3 compatible with vaio a series 15 ' and fs series 15.4 ' widescreen notebooks helps protect your notebook from scratches , spills and dings neoprene offers durable and water-resistant protection",22.0
90,canon color ink tank cl41cl,"canon color ink tank cl41cl compatible with the pixma ip1600 , mp170 printers",24.0
91,canon cyan ink tank cyan cli8c,"canon cyan ink tank cli8c compatible with the pixma ip4200 , ip5200 , ip5200r , ip6600d , mp500 , mp800 printers",16.0
92,canon magenta ink tank magenta cli8m,"canon magenta ink tank cli8m compatible with the pixma ip4200 , ip5200 , ip5200r , ip6600d , mp500 , mp800 printers",16.0
93,canon cyan photo ink cartridge cyan cli8pc,canon cyan photo ink cartridge cli8pc compatible with the pixma ip6600d printer,16.0
94,canon magenta photo ink cartridge magenta cli8pm,canon magenta photo ink cartridge cli8pm compatible with the pixma ip6600d printer,16.0
95,canon yellow ink cartridge yellow cli8y,"canon yellow ink cartridge cli8y compatible with the pixma ip4200 , ip5200 , ip5200r , ip6600d , mp500 , mp800 printers",16.0
96,canon black ink cartridge black pg40bk,"canon black ink cartridge pg40bk compatible with the pixma ip1600 , mp170 printers",19.0
97,belkin pro series 16 ft. usb 2.0 cable f3u13316,belkin pro series 16 ft. usb 2.0 device cable f3u13316 hi-speed data transfer to 480mbps impedance matched twisted pair construction gold plated copper contacts 16 feet,
98,pioneer voice command pack black finish cdvc1,"pioneer voice command pack cdvc1 microphone and steering wheel remote control use your voice to control navigation , audio , and video functions compatible with avicn2 and avicn1",48.0
99,sony vaio neoprene notebook with ac adapter case black finish vgpamc2,"sony vaio neoprene notebook with ac adapter case vgpamc2 helps protect your notebook from scratches , spills and dings neoprene offers durable , water-resistant protection fits 17 ' widescreen notebooks",24.0
100,netgear prosafe 24 port smart switch fs726tp,netgear prosafe 24 port smart switch fs726tp two gigabit ports plus easy browser prosafe network management software web based smart management features,605.0
101,ge platinum hdtv millennium tv antenna tv24734,ge platinum hdtv millennium tv antenna tv24734 vhf/uhf 34 ' dipoles for vhf reception 130 degree swivel uhf loop low-profile storage,
102,garmin streetpilot c series vehicle suction mount black finish 0101060900,garmin streetpilot c series vehicle suction mount 0101060900 dashboard or friction mounting options are recommended except california 12/24 volt adapter,
103,garmin streetpilot c330 dash mount black finish 0101061300,garmin streetpilot c330 dash mount 0101061300 non-skid mount design fully portable includes 12/24 volt cigarette lighter adapter black finish,57.0
104,sony memory stick duo replacement adaptor silver/blue finish msacm2,"sony memory stick duo replacement adaptor msacm2 compatible with memory stick duo and pro media stick compact , thin , and extremely lightweight",
105,yamaha high performance subwoofer black finish ystfsw100bk,yamaha high performance subwoofer ystfsw100bk 130 watts dynamic power advanced yst ii ( yamaha active servo technology ) half pipe port powerful 6.5 ? multi-range driver magnetically shielded 16hz ultra low frequency reproduction slim design black finish,150.0
106,netgear prosafe 16 port 10/100 desktop switch purple finish fs116p,netgear prosafe 16 port 10/100 desktop switch fs116p 16 auto speed-sensing 10/100 rj-45 ports 96 kb embedded memory per unit,299.0
107,frigidaire electric white dryer feq332wh,frigidaire feq332 electric dryer feq332wh 5.7 cu.ft . super capacity drum auto dry cycles temperature options interior drum light quick-clean lint screen white finish,
108,logitech harmony 890 advanced universal remote control h890,logitech harmony 890 advanced universal remote control h890 quick and simple set up advanced online setup and update wizard uses both radio frequency ( rf ) and infrared ( ir ) wireless signals integrate up to 15 devices 8 on-screen activity buttons rechargeable lithium ion battery and charging station included fully backlit comfort-grip shape,
109,canon high capacity color ink cartridge color ink cl51,"canon high capacity color ink cartridge cl51 compatible with pixma ip6210d , ip6220d , mp150 , mp170 and mp450 printers",35.0
110,canon photo ink cartridge cl52,canon photo ink cartridge cl52 compatible with pixma ip6210d and ip6220d printers,25.0
111,nikon 18-200mm nikkor zoom lens black finish 2159,nikon 18-200mm nikkor zoom lens accessory 2159 compact 11x zoom 18 200mm focal range two ed glass elements silent wave motor three aspherical lens elements vr ii system,
112,sennheisser hi-fi wireless headphone rs120,sennheisser hi-fi wireless headphone rs120 supra aural wireless rf headphone system range of up to 100 meters three selectable rf channels transmitter with metal cradle,
113,cuisinart programmable coffeemaker stainless steel finish dcc2000,cuisinart 12-cup programmable coffeemaker dcc2000 fully programmable removable coffee reservoir easy-to-read coffee gauge visible water level indicator removable drip tray charcoal water filter stainless steel finish,100.0
114,sanus center channel speaker mount black finish vmcc1b,"sanus center channel speaker mount vmcc1b works with sanus models vmsa , vmaa18 , vmaa26 , vmdd26 and vmcm1 easy to install mounting hardware included black finish",99.99
115,sanus 32 ' 50 ' flat panel tv black wall mount vmpl50b,sanus 32 ' 50 ' flat panel tv black wall mount vmpl50b solid heavy-gauge steel construction durable powder-coated finish virtual axis tilt adjustment system supports up to 130 lbs black finish,
116,netgear rangemax wireless access point white finish wpn802na,"netgear rangemax wireless access point wpn802na improves performance of existing legacy 802.11 b and 802.11 g wireless devices up to 50 percent wired equivalent privacy ( wep ) 64-bit ,128 - bit encryption wi-fi protected access ( wpa , pre-shared key )",130.0
117,weber q 300 liquid propane outdoor grill 426001,weber q 300 liquid propane outdoor grill 426001 liquid propane fuel type two burners for direct and indirect cooking thermometer built into the lid regulator hose 12-pound turkey capacity cart included cast aluminum finish assembly required,349.0
118,sony lightweight tripod black finish vctr100,sony lightweight tripod vctr100 lightweight and portable expands from 14 ' to 39 ' 3-way panhead function black finish,34.0
119,sanus vmav black visionmount component wall shelf vmavb in black vmavb,sanus vmav black visionmount component wall shelf vmavb single wall mount shelf for audio-video component metal v arm black finish,34.99
120,panasonic plain paper fax/copier with all-digital answering system silver finish kxfp145,panasonic plain paper fax/copier with all-digital answering system kxfp145 digital duplex speakerphone lcd display quick scan electronic film indicator electronic volume control,
121,tivo wireless adapter ag0100,tivo wireless adapter ag0100 for use with a tivo series 2 only flip-up antenna optimized wireless performance,
122,uniden 5.8 ghz accessory handset and charger tcx905,uniden 5.8 ghz accessory handset and charger tcx905 base keypad handset speakerphone caller id/call waiting deluxe directlink technology advanced phonebook features trilingual menu displays,
123,plantronics voyager 510 bluetooth headset silver finish 496915,plantronics voyager 510 bluetooth headset 496915 lightweight design for all-day wearing comfort noise-canceling microphone for clearer conversations wind-noise reduction technology headset folds for easy storage one-touch call control buttons,
124,kingdom hearts ii video game for the sony ps2 662248904115,"kingdom hearts ii video game for the sony ps2 662248904115 guide sora and friends in all-new locales based on disney films fight alongside classic final fantasy characters as well as modern disney heroes perform new character-specific double team attacks while battling enemies visit beasts castle , port royale , pride land , agrabah , halloween town , and more rated e for everyone 10 and older",
125,tivo series2 dual tuner digital video recorder tcd649080,tivo series2 dual tuner digital video recorder tcd649080 up to 80-hours of digital recording time pause and create instant replays of live tv supports recording from cable and satellite sources only usb connectivity remote control tivo service required and sold separately,
126,sony playstation 2 dualshock 2 analog controller emerald finish 711719706205,sony playstation 2 dualshock 2 analog controller 711719706205 analog pressure sensitivity on all action buttons built-in dualshock vibration function twin analog control sticks intelligent self-calibrating analog system emerald finish,24.99
127,sony playstation 2 8mb memory card black finish 711719702702,"sony playstation 2 8mb memory card 711719702702 save and load high scores , positions and replays magicgate encryption black finish",24.99
128,sony playstation 2 8mb memory card ( 2 pack ) red/blue finish 711719706700,"sony playstation 2 8mb memory card ( 2 pack ) 711719706700 save and load high scores , positions and replays magicgate encryption red/blue finish",34.99
129,whirlpool duet sport front loading white washer white finish wfw8300swh,whirlpool duet sport front loading white washer wfw8300swh 3.4 cubic foot capacity electronic controls 7 cycles child lockout door lock variable-speed motor automatic water level control delay wash feature white finish,
130,universal rf series mastercontrol remote control rf20,universal rf series mastercontrol remote control ? rf20 control up to 10 components 432 macropower buttons customizable lcd screen pre-programmed codes learning capable simplesound fully backlit keypad dvd guide,79.99
131,panasonic network camera white finish blc1a,panasonic network camera blc1a automatic network configuration built-in calendar timer auto time adjustment with ntp up to 10x digital zoom multi-language interface white finish,99.0
132,pioneer 6.5 ' 2-way marine white speakers tsmr1640,pioneer 6.5 ' 2-way marine speakers tsmr1640 160 watts maximum power handling ( 30 watts nominal ) 1-1/8 ' poly-ether imide dome tweeter with magnetic fluid and equalizer tinsel lead wire and terminals are gold-plated for extra protection,120.0
133,apple usb modem white finish ma034za,"apple usb modem ma034za supports caller id , wake on ring , telephone answering ( v. 253 ) , modem on hold v. 92 software support",54.0
134,linksys etherfast 4124 24-port ethernet switch ef4124,"linksys etherfast 4124 24-port ethernet switch ef4124 24 autosensing 10/100 full duplex , auto mdi/mdi-x ports up to 200mbps address learning , aging and data flow control compact size",119.0
135,sony learning remote control silver finish rmvl600,sony learning remote control rmvl600 one-touch system control ( 12 macro functions ) controls up to 8 components seamlessly pre-programmed codes are compatible with most brands,
136,hoover bagged tempo widepath upright vacuum u5140,"hoover u5140-900 bagged tempo widepath upright vacuum u5140 filter traps 100 percent dust mites , 99.98 percent ragweed and common grass pollens powerful 12 amp motor filter bag check for optimum cleaner performance 15 ' cleaner width",
137,panasonic all-in-one flatbed laser fax kxflb801,panasonic all-in-one flatbed laser fax kxflb801 high speed laser printing multi-function usb/parallel interface capabilities up to 33.6 kbps data transfer flatbed scanner ocr software package caller id compatible,
138,sony dvd remote control for ps2 black finish 711719707608,"sony dvd remote control for ps2 711719707608 works as a full-featured standard controller performs audio track selection , subtitle display and multiangle options designed to match the sleek look of playstation 2",19.0
139,whirlpool 10 ' whp1000sq duet washer and dryer white pedestal without drawer whp1000wh,whirlpool 10 ' whp1000sq duet washer and dryer white pedestal without drawer whp1000wh raise the washer and dryer 10 ' for easier loading and unloading white finish,
140,whirlpool duet sport 27 ' white electric dryer wed8300swh,whirlpool duet sport 27 ' electric dryer wed8300swh 6.7 cubic foot capacity electronic controls child lockout front-mounted lint screen interior drum light 5 temperature selections 3 timed cycles white finish,
141,panasonic lithium ion rechargeable battery black finish cgrs006a1b,panasonic lithium ion rechargeable battery cgrs006a1b compatible with dmcfz7 and dmcfz30 digital cameras,
142,panasonic digital camera battery cgas007a1b,panasonic digital camera battery cgas007a1b lithium ion type for digital camera dmctz1 and dmctz3,
143,nikon rechargeable li-ion battery black finish 25334,"nikon enel3e rechargeable li-ion battery 25334 compatible d700 , d200 , d80 , d300 , d90 nikon digital cameras",
144,kitchenaid 5-speed blender red finish ksb560er,kitchenaid 5-speed blender ksb560er 56-oz . polycarbonate pitcher .9 horsepower motor intelli-speed controls automatic crush ice button electronic mixing sensor empire red finish,
145,panasonic 2-line integrated phone system white finish kxts3282w,panasonic 2-line integrated phone system kxts3282w call waiting caller id speakerphone call restriction intercom 3-way conferencing 3-line lcd with clock programmable tone/pulse white finish,
146,panasonic 2 line 5.8 ghz fhss gigarange expandable digital cordless answering system black finish kxtg6700b,panasonic 2 line 5.8 ghz fhss gigarange expandable digital cordless answering system kxtg6700b expandable up to 8 handsets total 4-line backlit lcd on handset voice enhancer technology handset speakerphone clarity booster room monitor 60 minutes of total record time black finish,
147,panasonic 5.8 ghz add-on handset for the kxtg6700b phone system black finish kxtga670b,panasonic 5.8 ghz add-on handset for the kxtg6700b 2 line phone system kxtga670b 5.8 ghz digital spread spectrum operation 3-line backlit lcd display on handset 50 caller id memory voice-mail message waiting indicator black finish,
148,nikon 55-200mm zoom-nikkor lens accessory 2156,nikon 55-200mm zoom-nikkor lens accessory 2156 3.6 x zoom 55 200mm silent wave motor two ed glass elements focus mode switch,199.0
149,waring professional cool-touch deep fryer black/stainless steel finish df100,waring professional cool-touch deep fryer df100 large frying basket 60-minute timer removable control panel unique heating element breakaway cord led power indicators,70.0
150,denon fully automatic analog turntable dp300f,denon fully automatic analog turntable dp300f removable headshell automatic startup built-in phono equalizer dc servo motor and belt drive system mm cartridge,329.0
151,terk mini tuner cartridge for xm ready home products cnp2000,terk mini tuner cartridge for xm ready home products cnp2000 connects to any home or portable audio product with the xm ready logo,29.0
152,panasonic plain paper fax/copier with cordless phone answering system grey finish kxfg2451,panasonic plain paper fax/copier with cordless phone answering system kxfg2451 automatic fax/phone switching 2.4 ghz gigarange cordless handset with handset speakerphone voice enhancer technology all-digital answering system ( 18 min ) navigator key with 2-line display,119.0
153,sony dsch2 soft carrying camera case black finish lcscsh,sony dsch2 soft carrying black camera case lcscsh polypropylene construction extra compartments for accessory storage can hold many sony or other manufacturers digital cameras black finish,
154,omnimount moda 2 shelf wall furniture mwfs,omnimount moda 2 shelf wall furniture mwfs modular design integrated cable management tempered glass shelves,299.0
155,lego star wars ii : the original trilogy video game for the sony psp 023272329396,lego star wars ii : the original trilogy video game for the sony psp 023272329396 over 50 of your favorite characters in a humorous and unique lego setting build and customize with a galaxy of new features rated e for everyone +10,
156,terk mini tuner home dock for xm ready home products black finish cnp2000h,"terk mini tuner home dock for xm ready home products cnp2000h comes complete with the docking station , protective cover and a window sill mount antenna interfaces to existing and future xm ready products",30.0
157,denon 5-disc cd auto changer black finish dcm290,denon 5-disc cd auto changer dcm290 cd-r/rw playback advanced multilevel noise shaping dac digital filter 3-mode random playback intelligent disc scan music calendar display black finish,249.0
158,denon 5 disc cd player black finish dcm390,"denon 5 disc cd player dcm390 cd-r/rw playback mp3 , wma and hdcd decoding advanced multilevel noise shaping dac 8 times oversampling digital filter 3 mode random playback intelligent disc scan 20 selection music calendar display black finish",349.0
159,denon progressive scan universal dvd player dvd2930ci,denon progressive scan universal dvd player dvd2930ci ac 120 volts 60 hertz 45 watts infrared pulse remote control,849.0
160,netgear prosafe 16 port 10/100 rackmount switch black finish jfs516na,"netgear prosafe 16 port 10/100 rackmount switch jfs516na sixteen switched ports provide private bandwidth for pcs , servers or hubs store-and-forward packet switching compatible with all major network software auto detects speed and duplex black finish",131.0
161,sirius sportster 4 with car kit sp4tk1,sirius sportster 4 with car kit sp4tk1 replays 44 minutes of content large easy-to-read 6-line display 30 channel presets game alerts and game zone features one touch jump,
162,terk xm outdoor home antenna grey finish xm6,"terk xm outdoor home antenna xm6 universal mounting roof , wall or mast for use with single-input receivers connects rg6 cable for easy routing up to 100 ft. ( optimal disatnce 75 ft. )",80.0
163,olympus digital camera neoprene soft case black with grey finish 202066,olympus digital camera neoprene soft case 202066 compatible with fe or stylus series cameras,
164,sanus 9 ' 17 ' visionmount series under cabinet flat panel tv silver wall mount vmuc1s,sanus 9 ' 17 ' visionmount series under cabinet flat panel tv silver wall mount vmuc1s tilting motion swivels left and right universal mounting bracket easy to install silver finish,99.99
165,sony minidv cleaning cassette dvm12cld,sony minidv cleaning cassette dvm12cld play for 10 seconds and it cleans the heads of your minidv camcorder for picture-perfect performance designed for all minidv camcorders and minidv vcrs,
166,ge futura indoor tv antenna silver finish tv24746,ge futura indoor tv antenna tv24746 specially designed to receive digital tv signal 20db gain amplification noise eliminator circuitry filter designed to mount horizontally or vertically,
167,sanus 15 ' to 40 ' flat panel black tv wall mount ml22b1,sanus 15 ' to 40 ' flat panel black tv wall mount ml22b1 solid heavy-gauge steel construction durable powder-coated finish fits most medium flat panel lcd tvs up to 100 lbs black finish,
168,olympus lithium ion rechargeable battery li42b,"olympus li-42b lithium ion rechargeable battery li42b compatible with stylus 730 , 7200sw , 770se , 710 , 740 and fe230",
169,olympus premium slim leather case in black 202087,olympus 202087-410 premium slim leather case in black 202087 slim classic leather saddle bag design magnetic closure clasp leather wrist strap interior pocket compatible with fe200 and fe230 black finish,
170,sanus 15 ' 40 ' visionmount flat panel tv black wall mount mt25b1,sanus 15 ' 40 ' visionmount flat panel tv black wall mount mt25b1 solid heavy-gauge steel construction durable powder-coated finish virtual axis tilt adjustment system up to 100 lbs support black finish,99.99
171,sony lightweight tripod black finish vctr640,sony lightweight tripod vctr640 adjustable height and three-way head allow for creative camera angles quick-release head allows you to remove your camera quickly and easily black finish,
172,nikon 70-300mm f/4 .5 -5.6 g ed-if af-s vr zoom-nikkor lens 2161,nikon 70-300mm f/4 .5 -5.6 g ed-if af-s vr zoom-nikkor lens in black 2161 4.3 x telephoto zoom vibration reduction two extra-low dispersion glass elements internal focus silent wave motor,
173,garmin gps carrying case black finish 0101070400,garmin gps carrying case 0101070400 protect your gps by absorbing the impact from routine drops prevent damage from scratches and spills,30.0
174,tech craft avalon series tv stand black finish abs32,tech craft avalon series tv stand abs32 32 ' wide ` tall boy ' for smaller screen flat panels molded top gives it an elegant appearance framed doors to conceal components black finish,249.0
175,tech craft avalon series tv stand swp48,tech craft avalon series tv stand swp48 48 ' wide credenza for flat panel tvs and dlps 260 lbs tv weight capacity 50 lbs shelf weight capacity wood veneer finish,299.0
176,sanus 15 ' 40 ' visionmount flat panel tv black wall mount mf110b,sanus 15 ' 40 ' visionmount flat panel tv black wall mount mf110b mounts within 2.5 ' of wall holds up to 100 lbs powder coated black finish,179.99
177,garmin nuvi 360 010-10815 -00 black replacement vehicle suction cup mount 0101081500,garmin nuvi 360 010-10815 -00 black replacement vehicle suction cup mount 0101081500 compatible with the nuvi 360 it is a replacement black finish,39.0
178,garmin nuvi 360 010-10723 -06 black 12 volt adapter cable 0101072306,garmin nuvi 360 010-10723 -06 black 12 volt adapter cable 0101072306 compatible with the nuvi 350 and 360 it is a replacement black finish,47.0
179,garmin nuvi 660 010-10747 -03 black 12 volt adapter cable 0101074703,garmin nuvi 660 010-10747 -03 black 12 volt adapter cable 0101074703 compatible with the nuvi 660 black finish,39.0
180,lowepro digital camera case in black rezo15bk,"lowepro rezo 15 digital camera case in black rezo15bk slim , sleek little pouch stretchy side gussets pocket for memory card adjustable shoulder strap water-resistant microfiber",
181,lowepro digital camera case in black edit100bk,"lowepro edit 100 digital camera case in black edit100bk designed for digital cameras includes lots of accessory pockets soft , lining , padded interior adjustable divider water-resistant nylon and microfiber",
182,garmin 010-10702-00 black ga 25mcx remote gps antenna 0101070200,garmin 010-10702-00 black ga 25mcx remote gps antenna 0101070200 built-in magnetic mount includes a cable over 8 feet long and mcx connector,30.0
183,frigidaire 24 ' pld4375rfc built-in stainless steel dishwasher pld4375ss,frigidaire 24 ' pld4375rfc built-in stainless steel dishwasher pld4375ss power dry drying system granitegrey interior 5-level precision direct wash system self-cleaning filter smart soil sensor stainless steel finish,
184,garmin 010-10823-00 black nuvi 660 vehicle suction cup mount 0101082300,garmin 010-10823-00 black nuvi 660 vehicle suction cup mount 0101082300 replacement suction cup mount compatible with nuvi 660 black finish,46.0
185,whirlpool wed6400sb cabrio super capacity plus electric black dryer wed6400sbk,whirlpool wed6400sb cabrio super capacity plus electric black dryer wed6400sbk 7.0 cu . ft. super capacity plus drum accelercare drying system 7 automatic cycles wrinkle shield plus feature 5 temperature selections 1/3 hp motor black finish,
186,universal mrf-350 rf black base station mrf350,"universal mrf-350 rf black base station mrf350 no more pointing rf addressable ir routing expand operating range up to 100 feet compatible with mx-3000 , tx-1000 , mx-950 and mx-900 only black finish",250.0
187,panasonic sr-na18 white deluxe fuzzy logic rice cooker srna18,panasonic sr-na18 white deluxe fuzzy logic rice cooker srna18 compact design advanced fuzzy logic technology 8 menu settings non-stick coated pan with dimpled bottom 24-hour clock 12-hour keep warm feature white finish,
188,whirlpool cabrio wtw6400sw top loading white washer wtw6400swh,whirlpool cabrio wtw6400sw top loading white washer wtw6400swh 4.5 cu . ft. capacity direct inject wash system 6th sense technology care control temperature management ultra quiet wash noise reduction stainless steel wash drum 10 automatic cycles woolmark certified wool cycle automatic water level settings white finish,
189,bose in-ear black headphones boseie,"bose in-ear black headphones boseie comfortable in-ear design triport acoustic headphone structure s , m and l removable silicone tips carrying case black finish",99.95
190,panasonic kx-tg4500b black 5.8 ghz cordless phone system kxtg4500b,panasonic kx-tg4500b black 5.8 ghz cordless phone system kxtg4500b frequency-hopping spread spectrum technology all-digital voice mail system handles up to 4 lines tollsaver 2-way recording black finish,
191,panasonic kx-tga450b black 5.8 ghz cordless handset kxtga450b,panasonic kx-tga450b black 5.8 ghz cordless handset kxtga450b frequency hopping digital spread spectrum technology answering system with compatible base unit call waiting caller id join in/privacy 2-way intercom voice scramble black finish,
192,nyko playstation 3 dual charger ac 743840830153,nyko playstation 3 dual charger ac 743840830153 charge 2 wireless ps3 controllers from a standard wall outlet collapsable prongs for easy storage charges other mini usb devices,24.99
193,nyko playstation 3 chargelink usb charging cable 743840830009,nyko playstation 3 chargelink usb charging cable 743840830009 charge and play at the same time unique woven cable shielding improves cable durability 10 ft cable,14.99
194,linksys wireless-g vpn broadband silver router wrv54g,"linksys wireless-g vpn broadband silver router wrv54g built-in vpn endpoint capability securely connect up to 50 remote or traveling users to your office network via vpn hotspot ready with subscriber registration , authorization and authentication functions silver finish",149.0
195,bose sl2 wireless black surround link sl2wireless,"bose sl2 wireless black surround link sl2wireless transmitter and receiver work on a radio frequency signal effective from up to 30 feet in the same room compatible with all lifestyle systems , cd-based models and all 5.1-channel acoustimass home entertainment systems black finish",249.0
196,sony digital photo printer paper 120 pack svmf120p,sony digital photo printer paper 120 pack svmf120p 4 ' x 6 ' print paper with snap-off edges super coat 2 protective lamination water damage and fingerprint resistant prints 120 sheets of paper and print ribbon for dppf series digital photo printers only,35.0
197,logitech harmony 1000 silver touch screen remote control h1000,logitech harmony 1000 silver touch screen remote control h1000 one-touch activity controls easy-to-use 3.5 ' touch screen rechargeable computer-based set-up help button control devices without line-of-sight ( up to 100 feet ),
198,canon pgi-5bk black ink tank cartridge pgi5bk,canon pgi-5bk black ink tank cartridge pgi5bk smudge resistant resists smearing caused by highlighters smudge resistant pigment ink formulation for long lasting prints,16.0
199,canon charger and rechargable aa battery kit 1169b001,canon charger and rechargable aa battery kit 1169b001 charge indicator light 2500 mah capacity rating nickel metal-hydride technology black finish,
200,lowepro slingshot 200 aw digital camera back pack slingshot200aw,"lowepro slingshot 200 aw digital camera back pack slingshot200aw holds a slr with attached compact zoom lens plus 3-4 extra lenses or flash unit water-resistant micro fiber ripstop nylon includes a built-in memory card puch , micro fiber lcd cloth and two organizer pockets",89.95
201,tech craft abs48 antique black avalon series 48 ' tv stand abs48,tech craft abs48 antique black avalon series 48 ' tv stand abs48 for flat panels and dlp tv?s molded top and shaped skirt framed doors antique black distressed finish,299.0
202,sirius st4-tk1 starmate 4 radio with car kit st4tk1,sirius st4-tk1 starmate 4 radio with car kit st4tk1 sirius replay universal docking 30 channel presets gamealert my gamezone lists wireless fm transmitter,
203,garmin 010-10723-03 nuvi suction cup mount 0101072303,garmin 010-10723-03 nuvi suction cup mount 0101072303 replacement suction cup mount compatible with garmin nuvi 300/310/350 / 360 gps system black finish,39.0
204,monster ps3 cv/fo -10 playstation 3 gamelink component video and fiber optic digital audio av kit ps3cvfo10,monster ps3 cv/fo -10 playstation 3 gamelink component video and fiber optic digital audio av kit ps3cvfo10 24k gold contact turbine connectors extra low-loss optical fiber nitrogen gas-injected dielectric insulator,
205,monster ps3 hdmi-2m playstation 3 gamelink hdmi digital video/audio cable ps3hdmi2m,monster ps3 hdmi-2m playstation 3 gamelink hdmi digital video/audio cable ps3hdmi2m duraflex jacket all-in-one digital av cable 24k gold contacts,
206,lg tromm wm2688hnm 4.2 cu . ft. navy blue front load allergiene steamwasher wm2688hnbl,lg tromm wm2688hnm 4.2 cu . ft. navy blue front load allergiene steamwasher wm2688hnbl 4.2 cu . ft. capacity steamwash system steamfresh cycle 9 washing programs 5 temperature levels rollerjets and forced water circulation sanitary cycle with added steam option white led tub light porcelain top navy blue finish,
207,lg wdp3n 14 ' tall navy blue pedestal with drawer wdp3bl,lg wdp3n 14 ' tall navy blue pedestal with drawer wdp3bl doubles as a great place to store laundry products provides easy access to front loading doors minimizes bending and stooping at doors navy blue finish,
208,nikon en-el9 black rechargeable li-ion battery enel9,nikon en-el9 black rechargeable li-ion battery enel9 compatible with d40 and d60 digital camera black finish,
209,logitech harmony rf wireless extender rfext,logitech harmony rf wireless extender rfext range up to 100 feet designed for use with the logitech harmony 1000 or 890 advanced universal remotes black finish,
210,weber stainless steel summit s-650 liquid propane grill 1780001,"weber stainless steel summit s-650 liquid propane grill 1780001 6 stainless steel burners 60,000 btu-per-hour input 12,000 btu-per-hour input side burner 10,600 btu-per-hour rotisserie burner 8,000 btu-per-hour input smoker burner snap-jet individual burner ignition system 3/8-inch diameter stainless steel rod cooking grates stainless steel flavorizer bars stainless steel finish liquid propane model ( lp tank not included ) assembly required",1999.0
211,weber stainless steel genesis s-310 liquid propane grill 3770001,"weber stainless steel genesis s-310 liquid propane grill 3770001 3 stainless steel burners 42,000 btu-per-hour input electronic crossover ignition system 7mm diameter stainless steel rod cooking grates stainless steel flavorizer bars stainless steel finish liquid propane model ( lp tank not included ) assembly required",899.0
212,weber stainless steel genesis s320 lp grill 3780001,"weber 3780001 stainless steel genesis s-320 liquid propane grill 3780001 3 stainless steel burners 42,000 btu-per-hour input 12,000 btu-per-hour input side burner electronic crossover ignition system 7mm diameter stainless steel rod cooking grates stainless steel flavorizer bars stainless steel finish liquid propane model ( lp tank not included ) assembly required",949.0
213,weber stainless steel genesis s320 natural gas grill 3880001,"weber stainless steel genesis s-320 natural gas grill 3880001 3 stainless steel burners 42,000 btu-per-hour input 12,000 btu-per-hour input side burner electronic crossover ignition system 7mm diameter stainless steel rod cooking grates stainless steel flavorizer bars stainless steel finish natural gas model assembly required",969.0
214,belkin f3h982-10 pro series high integrity 10 feet monitor cable f3h98210,belkin f3h982-10 pro series high integrity 10 feet monitor cable f3h98210 recommended for monitors 17 ' and larger designed to support high resolution imaging and high speed double shielding gold plated copper contacts,
215,kenwood kca-ip200 black ipod direct cable kcaip200,kenwood kca-ip200 black ipod direct cable kcaip200 2-wire cable for high speed control of ipod with compatible 2007 kenwood receivers black finish,
