record_id,retail_price,model_num,segment,display_name,b_name
510,6.88,u050-010,electronics - general,tripp lite 10 usb 2.0 a to micro-usb b device cable,tripp lite
511,36.88,tl-ps110p,networking,tp-link tl-ps110p print server,tp link
512,34.97,51629a,printers,hp 29 black inkjet cartridge 51629a,hp
513,49.88,ioc-7707,electronics - general,cables unlimited 2 port e-sata controller pci express card,cables unlimited
514,49.73,ih16g,electronics - general,ihome portable stereo alarm clock with ipod dock gunmetal,ihome
515,16.88,4250300,electronics - general,micro innovations 4250300 comfort keyboard,digital innovations
516,379.0,,television,rca 32 class lcd 720p 60hz hdtv 32la30rq rca home theater system with 6ft hdmi cable bundle,
517,79.99,146417,electronics - general,targus 15.4 corporate traveler laptop case,targus
518,30.84,ssk107,computers,seal shield ssk107 medical grade keyboard - dishwasher safe black usb,seal shield
519,45.94,4030,stationery & office machinery,avery dot matrix printer address labels 2 across 3-1 2 x 15 16 10000 box,avery
520,340.99,137020,electronics - general,draper glass beaded salara series m manual screen - 7 diagonal ntsc format,draper
521,3380.95,125130,electronics - general,draper irus rear projection screen with no frame - 100 diagonal ntsc format,draper
522,29.98,vcca002wpc,camera and camcorder accessories,veho vcca002wpc waterproof case for muvi muviturin,veho
523,55.99,222057,electronics - general,roocase executive portfolio leather case stylus for asus eee pad transformer tf101 10.1-inch,roocase
524,0.0,,stationery & office machinery,disney fairies notebook,disney
525,149.99,cz301,car stereos,clarion cz301 cd mp3 wma aac receiver with usb port,clarion
526,318.0,pro2012prrt,software,sage peachtree pro accounting with payroll 2012 pc,sage
527,45.88,98-0440-5155-9,electronics - general,3m natural view screen protector for ipad,3m
528,7.84,3fmusb4gwb-r,usb drives,wintec filemate 4gb swivel usb flash drive black,wintec
529,19.94,96600ros,stationery & office machinery,rubbermaid 6-tier jumbo incline sorter plastic clear,rubbermaid
530,18.88,75101,stationery & office machinery,tops american pride writing pad jr. legal rule 5x8 white 12 50-sheet pads pack,tops business forms
531,29.88,mhc-00019,mice,wireless mobile mouse 6000 bluetrack red,microsoft
532,23.0,nst-260su-bl,electronics - general,vantec nexstar3 2.5 sata to usb 2.0 and esata external hard drive enclosure midnight blue,vantec
533,4.99,43108,electronics - general,grip 43108 30 piece heat shrink tube set,grip
534,74.0,irisphoto4,electronics - general,iris inc. irisphoto 4 scanner,iris
535,24.98,u05502,electronics - general,usb night vision webcam 640 x 480,
536,338.0,nkf-00001,software,microsoft expression studio v 4.0 ultimate upgrade version,microsoft
537,228.0,985-000172,electronics - general,logitech ultimate ears 700 earphones,logitech
538,59.99,dct6s,tv accessories,srs labs analog rca volume leveler,srs labs
539,20.88,ce-mt0b12-s1,furniture,siig ce-mt0b12-s1 satellite speaker mounts in pair,siig
540,32.88,tl-wa500g,networking,tp-link tl-wa500g 54mbps extended range wireless access point,tp link
541,36.16,bn00281-0002,mp3 accessories,igo bn00281-0002 dual usb wall auto charger,igo
542,16.84,t078320,printers,epson t078320 claria hi-definition magenta ink cartridge for epson stylus photo printers,epson
543,45.0,,electronics - general,targus 15.4 notepac plus case onp1,targus
544,6.98,p-sd2gb-fs,usb drives,pny 2gb sd memory card,pny
545,35.99,222052,electronics - general,roocase multi-angle leather case for lg g-slate 8.9-inch 4g tablet,roocase
546,59.82,,electronics - general,microsoft sidewinder x6 keyboard,microsoft
547,14.84,96438,usb drives,verbatim 96438 2gb store n go usb 2.0 flash drive,verbatim
548,10.92,dcfc01,photography - general,targus dcfc01 expedition camera case,targus
549,57.82,peibm30r5149,memory,edge 2gb 2x1gb ecc pc2-4200 cl4 ddr2 kt intelliserver 30r5149,edge
550,87.84,ccm636,garden - general,clover ccm636 ultra-mini color camera,clover electronics
551,28.82,mdlsc10,software,sony creative software download loops standard collection,sony
552,1544.95,112028,electronics - general,draper matte white envoy electric screen - widescreen 162 diagonal,draper
553,700.99,252034,electronics - general,draper m2500 clarion fixed frame screen - 7 diagonal ntsc format,draper
554,2730.99,252129,electronics - general,draper at grey clarion acoustically transparent screen - 120 diagonal widescreen format,draper
555,629.99,85566,electronics - general,da-lite radio frequency wireless remote for horizon,da-lite
556,27.47,lp34992,photography - general,lowepro apex 100 aw all-weather digital slr camera bag,lowepro
557,59.88,mp727-8gblk,mp3,coby 8gb video mp3 player black,coby
558,37.54,mdv3000/f7,dvd players,magnavox mdv3000 f7 dvd player w hdmi,magnavox
559,31.99,89518,electronics - general,da-lite deluxe hinged screen joining clamp for fast fold screens,da-lite
560,9.97,45783,stationery & office machinery,mead medium leatherette journal with bungee closure,mead
561,7799.99,27903,electronics - general,da-lite da-plex self trimming rear projection screen - 96 x 120 av format,da-lite
562,75.0,ps00132-2007,electronics - general,igo universal green ac laptop wall charger,igo
563,8.39,wosqpp418-whi,stationery & office machinery,bic wite-out shake n squeeze correction pen white 4-pack,bic
564,5.88,bl11-pnk,stationery & office machinery,bic brite liner highlighter chisel tip pink 1-dozen,bic
565,199.88,15706,stationery & office machinery,victor 1570-6 desktop two-color printing calculator,victor
566,21.94,b8rcfc,stationery & office machinery,stanley bostitch b8 flat clinch stapler,stanley bostitch
567,123.0,deh-3300ub,car stereos,pioneer cd player with mp3 wma playback,pioneer
568,358.0,1015pn-pu27-wt,laptop computers,asus white 10.1 eee seashell 1015pn-pu27-wt netbook pc with intel atom dual-core n570 processor and windows 7 starter,asus
569,38.73,sl1024wp,electronics - general,sakar soundtilt headphones white and purple,sakar
570,49.0,mxt101mmhq70,electronics - general,startech 70 coaxial high resolution monitor vga cable,startech
571,3.88,v7n3c5e-14f-red,electronics - general,v7 14 cat5e network patch cable red,v7
572,29.82,nud-00001,electronics - general,microsoft wireless laser desktop 3000 keyboard and mouse combo,microsoft
573,6.94,686f50wh,stationery & office machinery,post-it durable file tabs 2 x 1 1 2 striped 50 pack,post-it
574,198.0,mhs-ts20 / b,camcorders,sony bloggie touch mhs-ts20 mp4 pocket hd video camera with 3 lcd and 4 hour record time black,sony
575,174.88,010-00777-00,fish finder,garmin foretrex 401 portable gps system,garmin
576,1919.99,27647,electronics - general,da-lite da-glas deluxe rear projection screen - 50 x 50 av format,da-lite
577,66.19,40964,electronics - general,da-lite tilt lock single pair or container of 12 pairs,da-lite
578,30.44,pa248u2,electronics - general,targus chill mat laptop cooling stand,targus
579,40.18,rt-spipad01,mp3 accessories,green onion supply rt-spipad01 glossy screen protector for apple ipad,green onions supply
580,60.0,dlche37hfw,tv accessories,sony 12 hdmi flat cable with ethernet,sony
581,409.0,r85wh1-wide,electronics - general,elite screens cinewhite cinema235 series fixed frame wide screen - 85 diagonal,elite screens
582,25.56,ih-m821wb,mice,ihome wireless optical mouse black,ihome
583,39.99,,furniture,chief manufacturing 1 1 2 npt coupler with cable access feature,chief manufacturing
584,41.88,gbhfk331,electronics - general,iogear solar bluetooth caller announce hands-free car kit,iogear
585,11.88,icc1113clr,mp3 accessories,iluv ipod nano 6g clear glare-free screen film,iluv
586,18.9,fva3738,mp3 accessories,tribeca varsity jacket silicone case for ipod touch miami heat,tribeca
587,24.87,cxt175,walkie-talkie/frs,cobra 16-mile cxt125 2-way radios 2-pk,cobra
588,89.96,000mio5000m,electronics - general,mionix naos 5000 laser gaming mouse,mionix
589,84.0,sh230,electronics - general,sennheiser sh 230 monaural headset,sennheiser
590,1239.5,101274,electronics - general,draper hidef grey premier electric screen - ntsc 7 diagonal,draper
591,9.88,usb-db25f,printers,sabrent usb 2.0 to db25f parallel printer cable,sabrent
592,99.82,cmz6gx3m3a1600c,memory,corsair vengeance 6gb 3 x 2gb ddr3 1600mhz pc3-12800 dimm memory module cmz6gx3m3a1600c8,corsair
593,12.98,g985,photography - general,golla summer spring collection digital camera bags assosted colors,golla
594,79.93,d2998,electronics - general,uniden d2998 dect 6.0 loud and clear digital answering system with cordless handset,uniden
595,38.88,06-ce-mak1,mp3 accessories,hoffco 06-ce-mak1 mobile accessory kit,amp energy
596,17.0,pcm-2240-15,electronics - general,cables unlimited - 15 svga male - male monitor cable with audio connections,cables unlimited
597,16.47,8692,printers,avery matte white cd dvd labels for inkjet printers 40 face labels 80 spine labels,avery personal creations
598,43.99,222056,electronics - general,roocase executive portfolio leather case for asus eee pad transformer tf101 10.1-inch,roocase
599,40.82,cm2x2048-6400c5,memory,corsair cm2x2048-6400c5 xms2 2gb pc2-6400 800mhz 240-pin ddr2 cl5 dual channel desktop memory kit,corsair
600,32.88,k72334us,mice,kensington k72334us slimblade mouse with nano receiver - laser,kensington
601,384.88,,electronics - general,plantronics wo100 savi office wireless earset,plantronics
602,68.59,730300,stationery & office machinery,elmer s corrugated display board 48 white 25-carton,
603,10.88,v7-dv4141-06,electronics - general,v7 v7-dv4141-06 6 replacement m m dvi cable by belkin,v7
604,47.82,31100058100,computers,genius easypen i405 graphics tablet - 4 - 2540 lpi - pen - usb,genius
605,165.25,sc-t8411,electronics - general,mustang 84 x 84 tripod screen in matte white,mustang
606,11.84,pe214487,usb drives,edge 2gb micro sd memory card plus adapter,edge tech
607,3518.45,111554,electronics - general,draper high contrast grey signature series e electric screen - widescreen 190 diagonal,draper
608,653.45,206043,electronics - general,draper glass beaded luma 2 manual screen - 15 diagonal ntsc format,draper
609,10.98,usb2habm1,electronics - general,startech 1 ft. mini usb 2.0 cable a to mini b,startech
610,499.0,p6533w-b,desktop computers,hp black pavilion p6533w-b desktop pc with amd athlon ii 250 processor 21.5 windows 7 home premium,hp
611,22.88,b116c-007b-40,tv accessories,accell proultra 2m hdmi ethernet cable,accell
612,888.99,34716,electronics - general,da-lite video spectra 1.5 advantage manual with csr - wide format 113 diagonal,da-lite
613,69.94,8414,stationery & office machinery,buddy products 4-pocket wall file with supplies organizer black,buddy products
614,56.88,a361-12cp,car stereos,atrend-bbox a361-12cp b box series speaker,atrend
615,116.0,tl-sg1024d,networking,tp-link network tl-sg1024d 24 port gigabit desktop switch,global marketing
616,0.0,815-4tupcf,electronics - general,rayovac alkaline aa batteries 4pk,rayovac
617,89.99,cz101,car stereos,clarion cz101 single cd mp3 wma aac receiver,clarion
618,10.84,lost-surfflb/4g,usb drives,lost 4gb flashback surfdrive usb flash drive,ep memory
619,74.0,gb-711p-b,camera and camcorder accessories,giinii 7 digital picture frame white stardust,giinii
620,46.88,lc-ipad2-std,electronics - general,premiertek flip leather case with stand for ipad 2,premiertek
621,88.88,zt-40604-10l,electronics - general,zotac geforce gt430 1gb ddr3 pci-express 2.0 graphics card,zotac
622,9.0,59001,electronics - general,innovera desktop copyholder monitor mount black,innovera
623,57.6,301910,electronics - general,lacie portable 8x dvd-rw drive with lightscribe,lacie
624,209.0,vg2236wm-led,monitors,viewsonic vg2236wm-led 22 1080p widescreen led monitor,viewsonic
625,4448.99,27639,electronics - general,da-lite da-glas standard rear projection screen 72 x 96 video format,da-lite
626,1600.0,20030,electronics - general,da-lite holoscreen rear projection screen - 22 x 33 3 4 video format,da-lite
627,188.99,74698,electronics - general,da-lite matte white deluxe model b manual screen - 60 x 80 video format,da-lite
628,29.0,pa1503u1sl3,electronics - general,toshiba 14 sling extreme laptop backpack black and blue,toshiba
629,38.88,epsdhc/16gb -4,usb drives,acp-ep memory 16gb class 4 sdhc card,ep memory
630,61.8,ljdtt32gasbna,usb drives,lexar 32gb twistturn jumpdrive,lexar media
631,399.82,dcs6111,electronics - general,d-link dcs-6111 fixed dome day night ip camera,d-link
632,82.92,01g-p3-1430-lr,electronics - general,evga nvidia geforce gt 430 graphics card with 1024mb ddr3 memory,evga
633,23.99,82-5293,garden - general,trademark global bright 7 led motion sensor entry light,trademark global
634,15.54,hafx35an,electronics - general,jvc marshmallow headphones blue,jvc
635,389.44,26256,digital cameras,nikon coolpix p500 12.1 mp black digital camera 4-144mm zoom nikkor lens 3 lcd display hd video w 50 bonus prints,nikon
636,29.84,epsw/16gb -2.0,usb drives,ep 16gb usb 2.0 mobile swingdrive flash drive,ep memory
637,498.0,prd-38548-001,laptop computers,blackberry playbook 7.0 touchscreen 16gb entertainment tablet featuring blackberry tablet operating system,blackberry
638,14.88,89720,electronics - general,amzer luxe argyle high-gloss skin case for samsung galaxy clear,amzer
639,25.88,bi5,furniture,audiosource bi5 5 in-wall construction bracket mount,audiosource
640,29.99,fva3161,electronics - general,oklahoma sooners iphone 4 case black shell,tribeca
641,160.0,electric100h,electronics - general,elite electric100h screens spectrum electrol projection screen,elite screens
642,129.84,1080,electronics - general,at digital answerer,at t
643,14.98,ex-case2,photography - general,casio pouch style leather carrying case for the exilim s and z series digital cameras - 2.75 d,casio
644,76.88,vnr-217black,electronics - general,case logic 17 rolling laptop case,case logic
645,128.54,lexmark pro205,printers,lexmark prospect pro205 wireless-n all-in-one printer scanner copier fax,lexmark
646,96.82,k72327us,mice,kensington k72327us slimblade trackball - usb,kensington
647,367.24,ce251a,printers,hp ce25 toner 7000 page-yield,hp
648,22.99,lmspd8gbbsbna,usb drives,lexar media lmspd8gbbsbna 8gb platinum ii memory stick pro duo card,lexar media
649,23.88,,electronics - general,targus tcm004us messenger notebook case,targus
650,2107.95,102301,electronics - general,draper m2500 access series v electric screen - hdtv 119 diagonal,draper
651,6173.95,125123,electronics - general,draper irus rear projection screen with system 400 black frame - 120 diagonal ntsc format,draper
652,19.0,db9concabl6,electronics - general,startech 6 rj-45 to db9 cisco console management router cable,startech
653,4710.0,125059,electronics - general,draper vortex rear projection screen with no frame - 84 diagonal ntsc format,draper
654,10.09,uma-102gray,mp3 accessories,case logic universal mp3 armband clear front panel gray,case logic
655,5.47,11201,stationery & office machinery,avery style edge insertable reference dividers with 8 tabs,avery
656,52.88,ack-dc30,photography - general,canon ac adapter kit for powershot-sd900 sd800is sd700is,canon
657,28.98,sc-snowsp/16g,usb drives,action sport drives 16gb santa cruz usb snow drive spider,ep memory
658,70.73,usa-28xg,electronics - general,keyspan usb twin serial adapter,keyspan
659,1.99,,stationery & office machinery,redi-tag corporation side-mount self-stick plastic index tabs nos 11-20 1in we 104 pack,redi-tag corporation
660,69.99,hd7102,tv accessories,bell o high-speed hdmi cable with ethernet 2-meter,bell ' o
661,39.99,154710,electronics - general,case logic 16 laptop backpack,case logic
662,15.47,7532,stationery & office machinery,tops paper pads legal rule letter size 50 sheet pads dozen,tops business forms
663,407.12,b11b194011,electronics - general,epson workforce pro gt-s50 document image scanner,epson
664,140.7,65087226,software,adobe photoshop and premiere elements 9 windows and mac,adobe
665,429.99,85322,electronics - general,da-lite video spectra 1.5 model b manual screen with csr - 69 x 92 video format,da-lite
666,209.99,rc-942-kkn1,electronics - general,cooler master haf-x 942 chassis black,coolermaster
667,84.92,engt430/di/1gd3 ( lp ),electronics - general,asus engt430 gt430 pci-e 1gb graphics card,asus
668,65.0,3vt8005s9-4gku,memory,wintec value 4gb 2 x 2gb ddr2 pc2-6400 memory upgrade kit for laptops,vivitar
669,59.99,gh012000003,electronics - general,creative labs sound blaster tactic3d alpha,creative labs
670,24.0,,computers,centon 8gb datastick pro usb flash drive 2-pack bundle,
671,29.99,fva3175,electronics - general,wisconsin badgers iphone 4 case black shell,tribeca
672,249.99,pa50250u5yr,hard drives,iosafe rugged 250gb usb 3.0 portable external hard drive,iosafe
673,269.82,hd695xzndc,electronics - general,xfx amd radeon hd 6950 1gb ddr5 graphics card,xfx
674,74.97,55654,home care,3m easy trap 8 x 125 duster,3m
675,8.94,1026,stationery & office machinery,xstamper one-color title message stamp completed,
676,29.97,1526eox,stationery & office machinery,pendaflex 3 1 2 expansion file pocket manila red fiber 25 per box,
677,9.88,iep222blu,electronics - general,jwin caf nites in-ear earphones blue,iluv
678,63.88,ibp391b,electronics - general,ilive app-enhanced boom box with ipod iphone dock,ilive
679,13.88,615,electronics - general,cyberpower 900 joules 6-outlet surge protector,cyberpower
680,15.71,oan-0501,networking,cp technologies levelone oan-0501 omni-directional antenna,cp tech
681,264.84,bl-fp200c,monitors,optoma bl-fp200c replacement projector lamp for hd70 home theater projector,optoma
682,19.99,tp-7,electronics - general,olympus telephone conversation recording device,olympus
683,299.95,s70 brown,digital cameras,nikon coolpix s70 brown 12.1 mp digital camera with 5x optical zoom w 50 bonus prints,nikon
684,12.47,85781,stationery & office machinery,weyerhaeuser company multiuse premium paper 98 brightness 24lb 8-1 2 x 14 white 500 sheets ream,
685,29.84,ont224us,electronics - general,v7 executive leather case for 15.4 laptops black by targus,targus
686,50.84,kb-7091bu,electronics - general,solidtek kb-7091bu usb washable keyboard,solidtek
687,32.88,pex1p,electronics - general,startech.com pex1p 1 port pcie dp parallel adapter card,startech
688,99.54,m530 red,digital cameras,kodak easyshare m530 red 12mp digital camera w 3x optical zoom 2.7 lcd w 50 bonus prints,kodak
689,2375.95,111374,electronics - general,draper glass beaded signature series e electric screen - hdtv 133 diagonal,draper
690,19.0,has150px,electronics - general,jvc on-ear flats design pink,jvc
691,27.94,67011,stationery & office machinery,rolodex covered tray card file black,rolodex
692,19.98,20151,software,encore mavis beacon keyboarding kidz,encore
693,70.88,mp41dhii,stationery & office machinery,canon mp41dhii printing calculator,canon
694,50.88,es1100-16,networking,zyxel es1100-16 16-port fe unmanaged switch,zyxel
695,49.99,clasc1,satellite radio,clarion sirius satellite radio receiver adapter,clarion
696,5.94,675yl,stationery & office machinery,post-it notes original lined notes 4 x 4 canary yellow 300 sheets,
697,5.69,ax17bp10k6,stationery & office machinery,pentel ez 2 automatic pencil hb 0.70 mm 5 black and 5 blue barrels 10 pack,pentel
698,15.36,1733536,stationery & office machinery,samsill 4 clean touch locking round-ring view binder white,samsill
699,9.21,2180,stationery & office machinery,avery file folder labels on mini-sheets 3-7 16 x 2 3 300 pack,avery
700,2544.99,27562,electronics - general,da-lite da-plex deluxe rear projection screen - 50 1 2 x 67 1 4 video format,da-lite
701,765.45,92695,electronics - general,da-lite high contrast matte white advantage manual with csr - av format 6 x 8 diagonal,da-lite
702,310.99,99735,electronics - general,da-lite mahogany veneer model b manual screen with high power fabric - 60 x 60 av format,da-lite
703,3.6,,electronics-inflexible kit,elmer s 4-count washable school glue sticks - .24 oz 2 pack,
704,49.99,pcmatic5pc1003,software,pc pitstop pc matic,pc pitstop
705,49.95,has600b,electronics - general,jvc lightweight folding headphones with bass boost black,jvc
706,34.72,khx6400d2b1/2g,memory,kingston hyperx blu 2gb ddr2 desktop memory module,kingston
707,879.0,42lv5500,electronics : flat panel tv,lg 42 ultra - slim 42lv5500,lg
708,31.88,rt-kbhb06,electronics - general,green onions supply iveil hybrid keyboard protector,green onions supply
709,13.3,gb01913,mp3 accessories,griffin ipod touch 4g screen care kit 3 pack,arkon
710,248.0,sj1000gb1yr,hard drives,iosafe solopro 1tb usb 3.0 external hard drive,iosafe
711,31.88,pt-h9dn,networking,premiertek powerlink wireless 802.11 b g n high power usb 2.0 adapter,premiertek
712,16.88,rpsma10mf,electronics - general,startech.com rpsma10mf 10ft rp-sma to sma antenna adapter cable,startech
713,27.88,249000,software,roxio easy cd and dvd burning 2011 windows,roxio
714,22.88,viv-43-58w,camera and camcorder accessories,vivitar high definition .43 x wide angle lens attachment,vivitar
715,79.88,t1274b,electronics - general,i-tec t1274b istereo round sound docking station for ipod iphone,i-tec electronics
716,49.98,cl81211,phones,at t cl81211 dect 6.0 digital 2-handset cordless telephone,at t
717,524.99,alecc616326lg,electronics - general,alera lcd crt mobile computer security cabinet 26w x 24d x 63h light gray,alera
718,24.88,89273n,electronics - general,motorola thrill me purple eh25 stereo headset,motorola
719,191.03,q6511a,printers,hp q6511a hp 11a toner 6000 page-yield black,hp
720,18.0,cf-7061 cp,camera and camcorder accessories,sunpak 67mm circular polarized filter,sunpak
721,209.99,,tv accessories,peerless paramount articulating flat panel wall arm 37 to 60 screens,peerless
722,59.82,vs2gbkit400c3,memory,corsair memory vs2gbkit400c3 2 gb pc3200 400mhz 184-pin ddr desktop memory kit,corsair
723,69.84,rz01-00300100-r3u1,mice,razer orochi bluetooth laser gaming mouse - rz01-00300100-r3u1,razer
724,59.0,330-6258,computers,dell 90-watt inspiron ac power adapter,dell
725,28.94,62097,stationery & office machinery,c-line top-load poly sheet protectors heavy gauge letter 200ct,
726,122.84,xrs 9545,electronics - general,cobra 14-band digital radar laser detector,cobra
727,1485.5,112055,electronics - general,draper glass beaded envoy electric screen - widescreen 132 diagonal,draper
728,27.99,210826,electronics - general,roocase light n slim carrying bag for 10.1 netbook ipad or ipad 2,roocase
729,881.99,253027,electronics - general,draper m2500 shadowbox clarion fixed frame screen - 73 x 73 av format,draper
730,2745.5,125032,electronics - general,draper vortex rear projection screen with system 200 black frame - 60 diagonal ntsc format,draper
731,3702.95,116114,electronics - general,draper at1200 targa acoustically transparent screen - 132 diagonal widescreen format,draper
732,1.98,30376bpp,stationery & office machinery,paper mate sharpwriter mechanical pencils,paper mate
733,0.0,44-1010-2,electronics - general,brinks digital timer with 1 setting,generic
734,288.0,lu.sft02 .068,laptop computers,acer diamond black 11.6 aspire one 722-bz197 laptop pc with amd dual-core c-50 processor and windows 7 home premium,acer
735,59.99,hd7101,tv accessories,bell o high-speed hdmi cable with ethernet 1-meter,bell ' o
736,46.47,162008,stationery & office machinery,hammermill everyday copy and print paper 92 bright 20lb letter white 5000 sheets ctn,hammermill
737,202.87,t650a11a,printers,lexmark t650a11a black toner print cartridge,lexmark
738,91.49,bnd416020sil,electronics - general,bond street ltd. 5 attach case aluminum 18 x 5 x 13-1 2 black silver,bond street ltd.
739,9.84,rr1237,printers,read right pathkleen printer roller cleaner sheets 8 1 2 10pk,read right
740,5.69,82163,stationery & office machinery,avery allstate-style legal side tab divider title a letter white 25 pack,avery
741,58.76,trlcslipaddren,mp3 accessories,simplism shoulder case for ipad red,simplism
742,29.73,910-001752,mice,logitech m305 wireless mouse black,logitech
743,5.0,680nt2,stationery & office machinery,post-it flags arrow message 1 blue 2 50-flag dispensers pack,post-it
744,4077.99,40353,electronics - general,da-lite matte white scenic roller manual screen - 30 x 30,da-lite
745,68.33,zt-20203-10l,electronics - general,zotac geforce gt 220 synergy edition pci express 1gb ddr2 graphics card,zotac
746,4.92,,electronics - general,bic 0.9 mm mechanical pencil with colorful barrels 1-dozen 2-pack,
747,19.99,21331,software,encore hoyle card games 2011 casual gaming,encore
748,14.88,pe194529,usb drives,edge tech 2gb premium compact flash card,edge tech
749,19.44,stpfsa,dvd accessories,sony stp-fsa floating camera strap,sony
750,48.22,caedvdrw8u2,electronics - general,cavalry dvd-rw dvd-r dual-layer dvd writer,cavalry
751,59.82,kb4251b,electronics - general,solidtek super mini keyboard with trackball,solidtek
752,12.98,g761,photography - general,golla genie digital camera bag lime green,golla
753,13.88,90786,mp3 accessories,amzer anti-glare screen protector for ipad 2,amzer
754,199.0,,digital cameras,sony dsc-h70 16.2 megapixel digital camera w bonus 58 tripod and bonus 4gb memory card value bundle,sony
755,72.98,jbg01ms,electronics - general,msw wireless jawbone icon bluetooth headset mesh,jawbone
756,649.86,bun2472,garden - general,clover 19 internet-ready observation system,clover electronics
757,9.88,amz90548,electronics - general,amzer super clear screen protector with cleaning cloth for blackberry playbook 6pk,amzer
758,47.99,69915,electronics - general,mobile edge 16pc 17mac large faux croc portfolio,mobile edge
759,99.82,a25-pl128-320,hard drives,apricorn 320gb padlock 128-bit hardware-encrypted portable drive,apricorn
760,27.88,dvidsmm20,electronics - general,startech.com dvidsmm20 20ft dvi-d digital video cable,startech
761,14.88,73079-01,prepaid wireless phones,plantronics 73079-01 ac power adapter for telephone headset system,plantronics
762,956.5,203037,electronics - general,draper glass beaded access series m manual screen - 8 x 10 av format,draper
763,3109.95,105007,electronics - general,draper m1300 access multiview series v electric screen - widescreen 126 diagonal,draper
764,27.88,k60004us,electronics - general,kensington underdesk comfort keyboard drawer with smartfit system,kensington
765,39.98,pexusb3s2,electronics - general,startech 2 port pci express superspeed usb 3.0 card adapter,startech
766,103.99,151485,electronics - general,mobile edge 17 komen faux-suede tote,mobile edge
767,38.88,f8n275tt128,electronics - general,belkin vue sleeve for ipad violet,belkin
768,198.35,k087b-005b,electronics - general,accell ultraav displayport multi-monitor adapter,accell
769,29.88,b116c-013b-40,tv accessories,accell proultra 4m hdmi ethernet cable,accell
770,37.82,kb3800tpw,electronics - general,gear head 2.4 ghz wireless mini touchpad usb keyboard black,gear head
771,29.99,tr-ccsipd2-cc / en,mp3 accessories,crystal cover set for ipad 2 crystal clear,simplism
772,399.99,3r2727-18b-e,electronics - general,skb cases mil-standard roto case 27 l x 27 w x 18 h inside,skb cases
773,689.99,1skb-r04mac,electronics - general,skb cases rolling shockmount mac pro tower case,skb cases
774,29.99,it4plsirnwht,electronics - general,ifrogz pulse case for ipod touch 4 iron and white,ifrogz
775,10.84,sc-skatere/4g,usb drives,action sport drives 4gb santa cruz usb skate drive rob eyes,ep memory
776,23.99,4110,electronics - general,goodhope bags computer sleeve plus,goodhope bags
777,499.0,ps.val03 .052,desktop computers,acer black veriton ps.val03 .052 desktop pc with intel dual-core e7600 processor 320gb hard drive and windows 7 professional monitor not included,acer
778,11.28,,electronics - general,bic triumph 730r 0.5 mm needle point roller pen black 4 ct. 2-pack,
779,0.0,36536,electronics - general,ge network and phone wall plate,ge
780,739.82,100505604,electronics - general,ati firepro v7800 2gb pci express 2.0 graphics card,ati
781,12.94,35113,stationery & office machinery,ampad envirotec 100 recycled file folders 1 3 cut top tab letter brown 100pk,
782,23.94,87850,stationery & office machinery,swingline optima powerease stapler graphite,swingline
783,89.88,32400,stationery & office machinery,avery digital postal scale kit 25 lbs,avery
784,47.84,150705,electronics - general,manhattan 150705 superspeed usb to sata adapter,
785,18.72,lc-200,electronics - general,macsense lc200 just mobile lazy couch aluminum portable stand,macsense
786,736.99,82980,electronics - general,da-lite video spectra 1.5 model c with csr manual screen - 58 x 104 hdtv format,da-lite
787,310.99,99731,electronics - general,da-lite light oak veneer model b manual screen with high power fabric - 60 x 60 av format,da-lite
788,499.46,407930-1,fishing and boating,humminbird 778c hd color fishing system,humminbird
789,84.88,hpc4874a,printers,hp 80 magenta 175-ml ink cartridge c4874a,hp
790,998.0,064654u,laptop computers,lenovo gray 15.6 ideapad y560-064654yu laptop pc with intel core i7-740qm processor windows 7 home premium,lenovo
791,1031.2,ppcu,electronics - general,chief manufacturing video conferencing plasma cart 42 - 61,chief manufacturing
792,34.82,khx6400d2/2g,memory,kingston hyperx 2gb ddr2 desktop memory module,kingston
793,30.23,nst-360u2-bk,electronics - general,vantec 3.5 ide to usb 2.0 nexstar 3 hard drive enclosure onyx black,vantec
794,9.88,07221,mice,pc treasures retractable mighty mini mouse navy,pc treasures
795,10.12,,electronics - general,bic soft feel retractable ball pen blue 1-dozen 2-pack,
796,19.99,aucs01f,phone accessories,aluratek plug-less usb charging station,aluratek
797,10.98,cmp114,dvd accessories,arkon cmp114 camera mount for windshield,arkon
798,98.0,586ck,car stereos,boss audio 586ck - 1-din cd receiver with two 6.5 speakers,boss
799,65.99,,furniture,sanus full motion wall mount for small flat panel screens in silver - 8 max extension 13 - 27 screens,sanus
800,59.0,s9250pci256sb,electronics - general,diamond multimedia stealth ati radeon 9250 256mb pci video card,diamond multimedia
801,74.88,hpc9457a,printers,hp 70 green 130-ml ink cartridge c9457a,hp
802,8.88,,mp3 accessories,memorex 52x write-once cd-r with lightscribe technology - 10 pack slim jewel case,memorex
803,15.88,ka2064b,car stereos,scosche ka2064b 2005 kia sportage iso kit,scosche
804,10.54,f8z524tt064,mp3 accessories,belkin grip ergo for ipod,belkin
805,109.84,a25-pl256-250,computers,apricorn 250gb padlock 256-bit hardware-encrypted portable drive,apricorn
806,13.97,549wh,house wares,tablemate table set heavyweight plastic rectangular table cover 6pk,
807,59.82,910-000872,mice,logitech 910-000872 mx anywhere mouse,logitech
808,31.88,29563,electronics - general,cables to go 29563 7 port aluminum usb 2.0 hub,cables to go
809,9.88,f3u138v03-rtc,electronics - general,belkin f3u138v03-rtc usb 2.0 retractable cable,belkin
810,15.88,icusb1284,printers,startech.com icusb1284 6 ft usb to parallel printer adapter,startech
811,61.88,,stationery & office machinery,aleratec inc cd dvd shredder,aleratec
812,13.77,b103c-003f-40,tv accessories,accell greencable series 1m hdmi-a 1.3 cable,accell
813,3794.5,114084,electronics - general,draper glass beaded paragon electric screen - av format 20 x 20,draper
814,2346.99,84986,electronics - general,da-lite dual vision tensioned cosmopolitan electrol - av format 7 x 9 diagonal,da-lite
815,1195.99,253018,electronics - general,draper m1300 shadowbox clarion fixed frame screen - 133 diagonal hdtv format,draper
816,56.88,a361-10cp,car stereos,atrend-bbox a361-10cp b box series single speaker,atrend
817,499.99,3skb-x2828-22,electronics - general,skb cases rx series rugged roto-x shipping square case 25 1 4 h x 30 1 2 w x 30 1 4 d outside,skb cases
818,28.5,ip-904,mp3 accessories,incipio ipod touch 4g silicrylic hard shell case with silicone core all black,incipio
819,0.0,drc99392,dvd players,rca 9 portable dvd player,rca
820,84.88,engt430 dc s/di/1gd3,electronics - general,asus engt430 dc geforce gt430 1gb ddr3 graphics card,asus
821,17.49,rc8gbsdhc4,usb drives,centon 8gb sdhc memory card,centon
822,5391.99,27917,electronics - general,da-lite da-glas standard rear projection screen 81 x 108 video format,da-lite
823,616.0,93221,electronics - general,da-lite high contrast matte white model c manual screen - 8 x 10 av format,da-lite
824,67.82,rc-502-kwn1,electronics - general,cooler master centurion 5 ii mid tower chassis black w clear side window,coolermaster
825,35.69,proton 180,stationery & office machinery,fellowes proton 180 18 rotary trimmer,fellowes
826,79.88,9840,electronics - general,email delivery tracfone 450-minutes wireless airtime card,tracfone
827,179.0,e240lc-fhd,television,sceptre 24 ultra-slim e240lc-fhd,sceptre
828,28.54,05301,stationery & office machinery,inland pro 6-sheet paper shredder,inland
829,19.94,gp1ayen,photography - general,joby gorillapod original yellow,joby
830,771.59,,stationery & office machinery,3m dry-erase board w marker accessory tray 8 x4 mahogany,3m
831,25.88,side-0002,electronics - general,premiertek hi-speed usb 2.0 to sata or ide 2.5 drive adapter,premiertek
832,32.0,tip-pu301cb,electronics - general,mukii tip-pu301cb 2-port usb 3.0 expresscard,mukii
833,16.46,1739,phones,at t 1739 adjunct answering machine system,at t
834,88.73,cp825lcd,electronics - general,cyberpower 825va 450w intelligent lcd battery backup ups,cyberpower
835,20.88,suo-200m,electronics - general,sima usb firewire multi-adapter cable - usb a and firewire to usb b mini b 5-pin mini b 4-pin mini 8-pin flat and firewire,sima
836,54.99,602956006572,mp3 accessories,marware eco-vue for ipad,
837,198.0,9125-28-15,electronics - general,jabra wireless flexboom mono headset with noise canceling microphone,jabra
838,30.84,k301,phones,motorola dect 6.0 cordless care,motorola
839,76.65,c9371a,printers,hp hp 72 ink,hp
840,8.88,cb-nms012-s1,electronics - general,siig cb-nms012-s1 serial cable,siig
841,45.0,acl100,camera and camcorder accessories,sony portable handycam ac adaptor,sony
842,1985.75,113023,electronics - general,draper glass beaded ambassador electric screen - av format 9 x 12,draper
843,39.88,ms80b,electronics - general,3m monitor stand for crt lcd,3m
844,5419.45,111595,electronics - general,draper at grey signature series e acoustically transparent screen - 108 diagonal widescreen format,draper
845,17.48,cv215red,electronics - general,coby red 2-in-1 stereo headphones earphones cv215red,coby
846,149.0,k088b-001b,electronics - general,accell ultraav displayport multi-monitor adapter,accell
847,114.99,9p2014-01be,electronics - general,skb cases ls series luggage style transport case 7 11 16 h x 21 1 8 w x 15 3 4 d outside,skb cases
848,99.99,eqs746,car stereos,clarion half-din graphic equalizer with built-in crossover,clarion
849,9.54,co598,stationery & office machinery,columbian invitation envelopes with grip-seal 4.375 white 100-ct,columbian
850,47.17,pf15 .6 w,electronics - general,3m laptop lcd privacy computer filter pf15 .6 w,3m
851,77.18,11442,stationery & office machinery,avery index maker clear label unpunched dividers with white tabs,avery
852,13997.99,23046,electronics - general,da-lite da-view thru-the-wall rear projection screen - 60 x 80 video format,da-lite
853,923.99,76454,electronics - general,da-lite matte white concord designer manual screen - 70 x 70 av format,da-lite
854,74.99,,monitors,v7 ds1sa single arm desk monitor mount,v7
855,17.84,11575,electronics - general,endust lcd and plasma screen cleaner for small screens,endust
856,2240.0,89892,electronics - general,da-lite hc cinema vision tensioned cosmopolitan electrol - av format 7 x 9 diagonal,da-lite
857,139.82,tew-690ap,networking,trendnet tew-690ap wireless n access point,trendnet
858,448.0,srx5308-100nas,networking,netgear prosafe srx5308 4-port vpn appliance,netgear
859,8.69,70009,baking goods,office snax fancy assorted hard candy 2 lb,
860,49.99,lwdv310fb,camcorders,lifeworks lwdv310fb black 5mp flip style hd digital camcorder 1.44 lcd display hd recording,lifeworks
861,143.2,,furniture,chief manufacturing dual swing arm lcd wall mount,chief manufacturing
862,20.53,279044,phone accessories,nokia travel charger,nokia
863,17.84,15333,electronics - general,coolmax hd-389-u2 3.5 sata external enclosure with usb 2.0 port,coolmax
864,38.88,8031101,electronics - general,fellowes office suites monitor riser 8031101,fellowes
865,48.0,,computers,hello kitty computer accessories bundle with keyboard wireless mouse and usb flash drive,
866,0.0,32630,tv accessories,ge rca extension adapter 2pk,general electric
867,39.0,p8v,computers,apc premium audio video surge protector 8 outlet with coax protection 120v,apc
868,39.96,82262,electronics - general,maccase maccase 15 macbook powerbook pro sleeve,maccase
869,59.0,sdvd7027-black,dvd players,sylvania sdvd7027 7 portable dvd player black,sylvania
870,249.23,cb400a,printers,hp cb40 toner 7500 page-yield,hp
871,129.0,2236vw,monitors,aoc 2236vw 22 widescreen lcd monitor in piano black,aoc
872,11.88,95407,usb drives,verbatim 95407 2gb secure digital card,verbatim
873,15.84,clp-w300a,printers,samsung clp-w300a waste toner box,samsung
874,97.88,mr-s4mqn-01,mp3 accessories,quantum mr-s4mqn-01 dlttape s4 cartridge,quantum
875,148.0,ovr-121wfm,car stereos,bravo view 12.1 ovr-121wfm overhead monitor,bravo
876,53.0,mdrrf925rk,electronics - general,sony rf wireless headphones mdrrf925rk,sony
877,10.98,acm-1b,electronics - general,cyber acoustics monitor lapel microphone,cyber acoustics
878,29.82,jk-wr0212-s1,electronics - general,siig wireless multimedia keyboard mouse,siig
879,6.0,,electronics-inflexible kit,pilot q7 retractable gel roller ball pen refill fine black 2 count 3-pack,
880,25.0,36023samsill,electronics - general,samsill altego 15.6 sleeve pink,samsill
881,7.88,hp59bk,electronics - general,audiovox pillowz stereo earbuds black,audiovox
882,33.88,gc16044,electronics - general,griffin tablet stand,griffin
883,26.98,hp cz075fn # 140,printers,hp 901 black inkjet cartridge twin pack,hp
884,6.47,25181,stationery & office machinery,avery copper reinforced leather tab dividers 12-tab jan-dec letter black 12 set,avery
885,15.77,20320,stationery & office machinery,ampad evidence perf top legal red margin rule white 50-sheet pads pack dz .,ampad
886,264.99,77324,electronics - general,da-lite high power model b manual screen - 60 x 80 video format,da-lite
887,4242.99,88285,electronics - general,da-lite dual vision tensioned advantage deluxe electrol - hdtv format 92 diagonal,da-lite
888,12.18,dviextaa6in,electronics - general,startech 6 dvi-i dual link digital analog port saver cable,startech
889,29.88,,computers,logitech wireless mouse m310 bundle,
890,299.82,qc444-411-5,garden - general,q-see qc444-411-5 4-channel video surveillance system,q-see
891,10.88,sbt-scide,electronics - general,sabrent sata to ide ultra ata mini converter board,sabrent
892,45.88,pl-2301a,networking,premiertek pl-2301a powerlink amplus wireless range extender,premiertek
893,199.0,mz-5pa128 / us,hard drives,samsung 470 series 128gb sata ii solid state drive,samsung
894,79.97,gbx7tw,house wares,solo cup company guildware heavyweight plastic teaspoons 1000ct,solo
895,32.0,207492,electronics - general,diaper dude black coated grey digi laptop sleeve 13,diaper dude
896,78.88,hx-mta64da / g42,hard drives,samsung s2 640gb usb 3.0 portable external hard drive red,samsung
897,28.39,dr320dpvb,electronics - general,sony dr320dpvb voip pc audio headset black,sony
898,172.0,tl-sc3171g,garden - general,tp-link tl-sc3171g wireless day night surveillance camera,tp link
899,14.82,3fmnb2020wbk-r,electronics - general,filemate b2020 wireless standard keyboard and mouse bundle black,wintec
900,34.99,ipad2bakblk,mp3 accessories,ifrogz backbone case for ipad 2 black,ifrogz
901,35.0,dc30t,tv accessories,level tv wall mount full-motion mount for 10-30 flat-panel tvs dc30t,level mount
902,22.27,avp-h5,phones,midland behind-the-head 2-way radio headset 2-pack,midland
903,11.37,fcj1276ab,automotive - general,scosche 1974-up ford chrysler jeep multi-purpose kit including 1999-up grand cherokee,scosche
904,96.84,m119xws1,electronics - general,elite m119xws1 screens manual series pull down projection screen,elite screens
905,29.0,akb04us,computers,targus akb04us slim internet media usb keyboard,targus
906,52.82,cb2ec,networking,startech.com cb2ec expresscard to pcmcia adapter card,startech
907,144.0,ssd0064n1,hard drives,zalman n series ssd0064n1 mlc 64gb internal sata ii solid state drive,zalman usa inc
908,69.88,c6567b,stationery & office machinery,hp c6567b coated paper 1 roll 42-inches x 150 ft,hp
909,62.98,pe220204,hard drives,edge 320gb diskgo 2.5 in . backup ultra portable usb 2.0 hard drive,edge
910,98.0,,car stereos,sumas media sm-30bt 3 digital wide touch screen car stereo dvd receiver with bluetooth,sumas
911,97.82,video-338pci-lp,computers,jaton geforce 6200 256mb video card,jaton
912,44.98,kx-tg4022n,electronics - general,panasonic kx-tg4022n dect 6.0 plus expandable cordless answering system w 2 handsets,panasonic
913,20.88,k62562us,electronics - general,kensington 15.4 classic nylon laptop sleeve black,kensington
914,2285.45,102189,electronics - general,draper m1300 access series v electric screen - widescreen 132 diagonal,draper
915,9.84,bh-skthcrn/2g,usb drives,tony hawk birdhouse crowned skatedrive 2gb usb flash drive w xbox live support,ep memory
916,16.23,gun262wv,networking,iogear smartlink usb 2.0 adapter,iogear
917,35.94,40578,stationery & office machinery,oxford 5-1 4 capacity box file storage box letter binder board black orange,oxford
918,139.29,tfdvd7752,dvd players,coby 7 lcd dual screen tablet portable dvd player,coby
919,5.94,,stationery & office machinery,rubbermaid 3-hole punched plastic edge strip magazine holders for ring binders 12ct,rubbermaid
920,40.88,sllc1,stereos/audio,xantech sllc1 speaker level to line converter,xantech
921,317.99,231510ahg,electronics - general,platt heavy-duty polyethylene case with wheels and telescoping handle in gray 15 x 23 x 10,platt
922,44.99,tr-lssipd2-or / en,mp3 accessories,simplism leather sleeve case for ipad 2 orange,simplism
923,3.97,85401,stationery & office machinery,quartet dry erase tile white 5.5,quartet
924,47.88,f8z646ttc01,mp3 accessories,belkin shield micra for ipod touch tint,belkin
925,98.0,4.3502001 e7,printers,oki 43502001 type 9 black toner cartridge,oki
926,6.47,67060,stationery & office machinery,rolodex petite open tray card file,rolodex
927,95.0,cdx-gt35uw,car stereos,sony xplod cdx-gt35uw car cd receiver,sony
928,14.2,36849nhb,stationery & office machinery,wilson jones basic vinyl round ring binder w label holder,wilson jones
929,30.88,3fme3b2tw-r,electronics - general,filemate 3.5 sata usb 2.0 and esata hard drive enclosure white,wintec
930,268.88,q5985a,electronics - general,hp q5985a 500 sheets input tray for clj3000 clj3600 and clj3800 printers - 500 sheet,hp
931,118.0,cr249-ta,stereos/audio,crosley radio keepsake usb turntable tan,arkon
932,2735.99,84992,electronics - general,da-lite dual vision tensioned cosmopolitan electrol - av format 10 x 10 diagonal,da-lite
933,24.97,k6bw,house wares,dart style setter mediumweight plastic knives 1000ct,
934,32.88,512p31310lr,electronics - general,evga geforce 210 512mb ddr3 pci express graphics card,evga
935,9.0,haf150r,electronics - general,jvc gumy headphones red,jvc
936,697.54,m420sv,television,vizio 42 ultra-slim m420sv,vizio
937,19.99,30329,electronics - general,allsop clingo universal vent mount,allsop
938,1518.0,pro8500,electronics - general,viewsonic pro8500 dlp projector,viewsonic
939,14.88,sbt-pca4,networking,sabrent usb 2.0 firewire pcmcia cardbus,sabrent
940,67.43,7702,stationery & office machinery,pm company one-ply cash register point of sale rolls 3 x 150 ft white 50 carton,
941,48.88,960-000585,electronics - general,logitech hd 720p webcam c310,logitech
942,13.88,wc735i,electronics - general,gear head 1.3 mp quick webcam pro,gear head
943,29.54,gs170,prepaid wireless phones,t-mobile lg gs170 prepaid cell phone,t-mobile
944,45.54,tn360,printers,brother tn360 black toner cartridge,brother
945,204.75,c5061a,printers,hp 90 ink cyan c5061a,hp
946,94.88,idvd8peb,electronics - general,i omagic idvd8peb slim 8x dvd,i/omagic corporation
947,9.88,dvivgafm,electronics - general,startech.com dvivgafm dvi to vga cable adapter - f m,startech
948,22.88,pe187378,memory,edge 512mb 1x512mb pc2100 nonecc unbuffered 200 pin ddr sodimm,edge
949,304.88,tew-455apbo,networking,trendnet tew-455apbo wireless super g high power outdoor poe access point,trendnet
950,144.0,vw224t,monitors,asus 22 lcd monitor vw224t,asus
951,1799.45,101282,electronics - general,draper hidef grey premier electric screen premier 132 widescreen hidef grey - widescreen 132 diagonal,draper
952,3600.0,100321,electronics - general,draper m1300 signature series v electric screen - ntsc 11 diagonal,draper
953,50.54,vf30cpkb,photography - general,sony 30mm polarizing filter kit,sony
954,74.88,mkb-135b,electronics - general,adesso pro mechanical gaming keyboard,adesso
955,17.84,lp34977,photography - general,lowepro apex aw10 all-weather ultra-compact digital camera case,lowepro
956,139.0,e195bd-shd,television,sceptre 19 ultra-slim e195bd-shd,sceptre
957,144.79,,home care,buddy products hand wipe station steel black,buddy products
958,70.99,,home care,kimberly-clark wypall l40 wipers - 12 x13 .4 white wypall jumbo rag on a roll 700,kimberly-clark
959,358.0,1015pn-pu27-bu,laptop computers,asus blue 10.1 eee seashell 1015pn-pu27-bu netbook pc with intel atom dual-core n570 processor and windows 7 starter,asus
960,29.99,fva4459,electronics - general,new york mets ipod touch 4g hard case,tribeca
961,94.88,a8ex,networking,amped wireless high power outdoor 8 dbi omni-directional wi-fi antenna kit,amped wireless
962,0.0,18254,electronics - general,ge time delay fuse,general electric
963,14.19,,stationery & office machinery,rediform office products ecologix recycled weekly planner 15-minute appts . wirebound 11 x 8-1 2 green 2012,rediform office products
964,63.96,155611,electronics - general,maccase 13 macbook models,maccase
965,17.82,910001830,mice,logitech corded mouse black,logitech
966,29.99,f3u133v06gld,electronics - general,belkin gold series high-speed usb 2.0 cable 6 ft.,belkin
967,920.99,27602,electronics - general,da-lite da-glas unframed rear projection screen - 43 1 4 x 57 3 4 video format,da-lite
968,25.0,viv-vpt-4654,camera and camcorder accessories,vivitar 54 tripod,vivitar
969,4.53,,electronics - general,bic round stic grip ball pen blue 1 dozen 3-pack,
970,14.88,icc1193,mp3 accessories,iluv clear screen protective film for ipad 2,iluv
971,78.88,sv231uaf,electronics - general,startech dual-port usb vga kvm switch,startech
972,248.0,,photography - general,lowepro lp36147-peu pro runner camera and laptop backpack,lowepro
973,28.0,10n0016,printers,lexmark 16 black print cartridge 10n0016,lexmark
974,90.92,ea650green,electronics - general,antec 650w earthwatts ea-650 green psu,antec
975,34.88,pex13943,electronics - general,startech.com pex13943 4 port pcie 1394a firewire adapter card,startech
976,8.84,,electronics - general,v7 kc0b2-6n6 standard ps 2 keyboard,v7
977,19.98,cnpecl1,satellite radio,audiovox xm satellite radio cables for eclipse car stereos,audiovox
978,8.24,30001wm,stationery & office machinery,sharpie permanent markers fine point - black - 12 count,sharpie
979,23.41,trpfsipadagen,mp3 accessories,simplism protector film for ipad,simplism
980,1682.45,101305,electronics - general,draper m1300 premier electric screen - hdtv 119 diagonal,draper
981,3139.95,100348,electronics - general,draper m2500 signature series v electric screen - av format 72 x 96,draper
982,10.98,mxt101mm10,electronics - general,startech 10 ft. hd 15mm vga monitor cable,startech
983,50.05,cb278an,stationery & office machinery,hp cb278an hp 57 ink 500 page-yield tri-color,hp
984,15.0,,electronics - general,avf avf inc premium cable management in white,avf group
985,81.99,jms-12x6,tv accessories,middle atlantic 12 master slave jumper for mpr series modules sold in packs of 6,middle atlantic
986,26.88,5sh-00001,electronics - general,microsoft wireless desktop 800 for business,microsoft
987,274.99,7023,electronics - general,da-lite pixmate 25 x 30 shelf television cart with cabinet 25.5 34 42 48 54,da-lite
988,16.94,31506,stationery & office machinery,pilot g2 begreen 0.70 mm retractable gel ink roller ball pen black,pilot
989,5.86,17232,stationery & office machinery,avery silhouette flexible poly view binder 1 capacity,avery
990,7.0,27651,stationery & office machinery,avery 3 durable binder with ez-turn ring navy blue,avery
991,3.88,11416,stationery & office machinery,avery index maker clear label dividers 5-tab white,avery
992,30.5,hp 61,printers,hp 61 black tri-color combo inkjet cartridge,hp
993,397.99,91841,electronics - general,da-lite matte white model c with csr manual screen - 50 x 67 video format,da-lite
994,134.99,73101,electronics - general,da-lite matte white designer model b with fabric case in pepper - 60 x 60 av format,da-lite
995,60.09,n25938p,mp3 accessories,dicota dee bacpac green,dicota
996,29.88,190243 teb-o,electronics - general,maxell timbers wood earbuds oak,maxell
997,368.0,ivisa 50 light,portable audio,dj tech ivisa 50 light portable pa system with ipod player controller 50 watts,dj tech
998,51.7,wd3200avvs,hard drives,western digital av-gp 320gb sata desktop internal hard drive,western digital
999,7.88,ps00291-0001,phone accessories,igo ps00291-0001 keyjuice micro mini usb cable,igo
1000,14.88,90482,electronics - general,amzer transparent jelly case for motorola xoom hot pink,amzer
1001,219.0,mb511,electronics - general,motorola flipout mb511 black unlocked,motorola
1002,548.0,11433bu,laptop computers,lenovo matte black 15.6 thinkpad edge e520 laptop pc with intel i3-2310 processor and windows 7 professional,lenovo
1003,0.0,hd57683,car stereos,scosche hd full range speaker 5,scosche
1004,10.88,gg100022,mp3 accessories,gecko sowndwire retracting 3.5 mm to 3.5 mm cable,gecko gear australia
1005,14.54,vh100,stereos/audio,rca 10db video signal amplifier,rca
1006,139.88,2403-820-105,electronics - general,gn netcom 2403-820-105 jabra biz 2400 headset,gn netcom
1007,151.54,108r00676,printers,xerox 108r00676 extended-capacity maintenance kit for phaser 8550 printer,xerox
1008,314.0,340-01230,software,microsoft 340-01230 visual foxpro v. 9.0 professional edition - upgrade,microsoft
1009,164.82,brpx68u2bk,electronics - general,buffalo technology mediastation 6x blu-ray writer,buffalo technology
1010,24.56,gb01595,mp3 accessories,griffin technology screen care kit for ipad,griffin technology
1011,49.0,usb3s2sata,networking,startech superspeed usb 3.0 sata adapter cable for 2.5 in or 3.5 in hard drives usb3s2sata,startech
1012,39.88,rp-hsc200-k,electronics - general,panasonic in-ear clip earphone for iphone ipod black,panasonic
1013,429.0,jlc37bc3000,television,jvc 37 class lcd 1080p 60hz hdtv jlc7bc3000,jvc
1014,47.82,4780655,electronics - general,hercules dualpix emotion hd 720p usb webcam,hercules
1015,4.49,51507,electronics - general,innovera pc screen cleaning cloths 3 pack,innovera
1016,8.18,32726pp,stationery & office machinery,sharpie retractable permanent markers fine point assorted 3pk,sharpie
1017,20.35,7990-c24,stationery & office machinery,scotch cushion wrap,scotch
1018,130.0,413807,software,quicken rental property manager 2011 small package,intuit
1019,57.5,2379268,electronics - general,channel sources techshell for 17 macbook pro black,channel sources
