amazon_google_id,book_title,price_value
1935,cd269-b = cisco ios ip/ipx/appletalk complete package cd,291.21
1936,kutoka interactive 61208 mia 's math adventure : just in time !,24.99
1937,bt00hna ibm rational robot v. 6.0.0 media cd win english,108.95
1938,emc auth mgr mnt base 9x5 21m per/u 2005-2500u aut0002500bs21,20.0
1939,babnbr1110s06 brightstor arcserve backup san option for netware v. 11.1 complete packa,1038.22
1940,pafgpcmv01000p0rtpen pcmover complete package 1 user cd win,39.14
1941,hummingbird ltd mampi665000m1100p,175.96
1942,11105108 sygate enterprise protection v. 5.1 media cd win english,16.09
1943,standard anti-virus 100 users w / 1 yr service agreement,374.99
1944,4817l05 vmware drs v. 2 limited subscription 1 year 2 sockets win,193.15
1945,norton systemworks 2007 premier 5-user symantec 10930722,159.75
1946,633808441159 wasp mobileinventory network edition v. 3 product upgrade package 5 us,522.73
1947,vp-wf04-00s1 kofax virtualrescan plus upgrade kit v. 4.0 complete package 1 user,879.93
1948,edelbrock 91140 thermocouple compression fitting for qwikdata,28.39
1949,nova development ghw humorous greeting card factory,29.99
1950,1-57408-058-x suretrak project manager v. 3.0 complete package 1 user cd win,436.71
1951,exmpi555300m1200u exceed 3d 2007 upgrade package 1 user cd win,137.35
1952,symantec 10517904 client security v. 3.1 business pack complete product internet security 50 user ( s ) complete product standard pc - free shipping,1895.97
1953,paper art volume 2 : gift wrapping,6.95
1954,633808390006 wasp mobileasset desktop edition complete package 1 user 1 device win pa,398.92
1955,punch software 85100 master landscape professional & home design v 10.0,61.8
1956,01-ssc-6046 sonicwall csm update service subscription license 3 years 25 users,811.53
1957,garmin bluechart micro sd xpc023r new zealand,123.18
1958,m009a-l00-4 .0 scansoft pdf create ! v. 4.0 complete package 1 user cd win engli,43.21
1959,ipswitch md-7330-2006 std av 1000u rnwl,1267.29
1960,01-ssc-7172 sonicwall cfs standard edition for totalsecure 10/25 series subscription licen,300.54
1961,microsoft windows services for netware v. 5.0 complete package,138.17
1962,babwur1151s31 brightstor arcserve backup for windows agent for mac os xw/sp1 v. 11.5 -,194.34
1963,p17130 adaptive server enterprise v. 11.9 license 1 concurrent user win e,288.57
1964,oscar hernandez 320505 salsa piano,18.5
1965,cadtprnaen150 ca desktop protection suite v. 1.5 complete package 5 users win en,298.13
1966,webroot software inc 31250 spy sweeper spanish,24.81
1967,910620-000 rumba web-to-host for as/400 v. 4.2 license 1 processor tier p30 s,13275.05
1968,sql server std 2005 5-clt x64 microsoft 228-04013,1471.93
1969,4817v09 vmware infrastructure enterprise v. 3 product upgrade license 2 socket,4488.17
1970,omnioutliner professional 3.0 for mac,69.99
1971,633808106058 wasp bar code labeler complete package 1 user win,37.91
1972,o-generator learning to compose,79.95
1973,a01-00017 microsoft office publisher 2003 w / microsoft digital image pro 9 complete pa,218.19
1974,ibm software lotus shrinkwrap ae7ntna,102.23
1975,microsoft molpc isa svr ent ed 2006 25cpu lic 200pt f89-01407,65644.0
1976,231327-b22 hp storageworks secure path for netware workgroup edition v. 3.0 c licens,65395.24
1977,4817v32 vmware infrastructure enterprise v. 3 license 1 blade server 28 sock,66031.32
1978,01-ssc-6997 sonicwall client/server anti-virus suite subscription license 3 years 10,64740.21
1979,csa-b100-srvr-k9 cisco security server agent license 100 agents win solaris,64566.91
1980,cisco security server agent ( windows and solaris ) 100-agent bundle,64821.43
1981,microsoft 394-00258 exchsrvrextrncon lic/sa c 400p 805529357631,67678.14
1982,231319-b26 hp storageworks secure path for windows workgroup edition v. 4.0 c licens,66453.59
1983,t3558a hp storageworks secure path for hp-ux workgroup edition v. 3.0 c complete,66453.82
1984,sonicwall gms 1000n-incremental lic upg,62920.89
1985,sonicwall gms 1000 upgrade,63074.12
1986,t2507ba hp openview network node manager advanced edition v. 7.5 complete packag,63333.28
1987,1000pk multi pack instant pdf 4.0,63359.99
1988,ibm totalstorage ds4800 model 84 hard drive array,60514.95
1989,ibm totalstorage ds4800 model 84 hard drive array,60514.95
1990,nft1100 netflow tracker license 100 devices linux win solaris,60376.91
1991,01-ssc-3377 sonicwall comprehensive gms 24x7 support sonicwall gms standard edition licens,60374.4
1992,hewlett packard 231319-b26 secure path v4 .0 c for windows workgroup ed 50u lics & media 0808736757386,60190.54
1993,hewlett packard t3558a secure path hp-ux we 50 lic/cd kit 0829160172255,60190.75
1994,nnm ae 5000 7.51 win-s/w ltu,59742.89
1995,jboss subscription service platinum jboss portal technical support,57978.95
1996,jboss subscription service platinum jboss portal technical support,57978.95
1997,check point eventia analyzer 100 devices cpmp-eva-100,59177.0
1998,sonicwall 01-ssc-6997 3yr snwl client/server anti-virus 1000u sonicwall client/server anti-virus suite subscription license 3 years 1000 users 0758479069973,58683.36
1999,sonicwall 01-ssc-6997 3yr snwl client/server anti-virus 1000u sonicwall client/server anti-virus suite subscription license 3 years 1000 users 0758479069973,58683.36
2000,media made easy volume 3,24.9
2001,individual software pmm-ss4 professor teaches office super set win 2000 xp vista,33.97
2002,family tree maker 11 collector 's edition,34.9
2003,freeverse software 4015 big bang board games,18.99
2004,hijack2 identity and data security suite,44.9
2005,individual software prm-rce resumemaker career edition,34.99
2006,topics presents : dinosaurs,12.9
2007,individual software qne-t15 typing quick & easy 15.0,24.99
2008,instant home design 3.0,15.9
2009,punch software 26100 punch ! master landscape and home design ( small box ),45.99
2010,clifford musical memory games,12.9
2011,encore software 10590 adventure workshop preschool 1st grade 7th ed sb cs by riverdeep,17.97
2012,avery c32015 quick & clean business cards 250gsm matt card for use with ...,18.54
2013,avery designpro 5 software for use with all avery printable products each,29.07
2014,encore software 10941 scooby-doo frights camera mystery sb cs by riverdeep,17.97
2015,avery c32040 business card kit containing 10 sheets of c32016 business cards ...,14.51
2016,enfocus software pp7.0-sg-001 pitstop pro 7.0,558.97
2017,avery c32011 quick & clean business cards 200gsm card for use with mono ...,14.86
2018,encore software 10731 the print shop 22 pro publisherdeluxe sb cs by the print shop,81.97
2019,encore software 10871 family tree maker version 16 deluxe sb cs by family tree maker,57.97
2020,apple ilife 06,70.47
2021,encore software 11581 monopoly deluxe edition by hasbro,17.97
2022,avery c32028 quick & clean business cards 220gsm glossy card for use with ...,21.22
2023,encore software 11041 the print shop elements : labels & logos sb cs by the print shop,17.97
2024,encore software 10467 clickart 950k dvd 2006 by broderbund,25.97
2025,avery c32096 quick & clean business cards manufactured from 250gsm linen ...,9.67
2026,encore software 12431 adventure workshop 8 4th-6th,17.97
2027,mavis beacon teaches typing 16 deluxe,34.9
2028,enfocus software ip4.0-sg-001 instantpdf 4.0 single full,211.97
2029,x-oom internet movies 2,22.9
2030,encore software 13911 3d home architect home & landscape deluxe suite version 9,33.97
2031,my first bible stories ( jc ),9.9
2032,encore software 10114 adventure workshop 1st-3rd grade 7th ed sb cs by riverdeep,17.97
2033,spyware x-terminator,24.9
2034,encore software 13891 tlc millies math learning system 2008,17.97
2035,avery c32016 quick & clean business cards 220gsm card for use with colour ...,17.99
2036,encore software 10931 the print shop design suite proed sb cs by the print shop,105.97
2037,recover lost data,29.9
2038,encore software 10612 creating keepsakes scrapbook designer deluxe v. 3 sb cs,17.97
2039,the printshop pro publisher v22 deluxe dvd-rom,69.9
2040,encore software 14111 jeopardy! deluxe,17.97
2041,form workshop 1200,12.9
2042,punch software 10603 concepts 3d cad design,247.97
2043,imsi turbocad designer 11,12.9
2044,encore software 13921 3d home architect home design deluxe version 9,25.97
2045,high school success deluxe 2006,7.9
2046,encore software 10561 marine aquarium & goldfish screen saver by,17.97
2047,dragon tales learn and fly with dragons,17.9
2048,jumpstart kindergarten ( jc ),9.9
2049,encore software 11273 hasbro family collection 2006 sb cs by hasbro,17.97
2050,the printshop v22 deluxe,29.9
2051,encore software 10652 web.com site builder & hosting suite sb by web.com,41.97
2052,xoom movie clone 3 gold,22.9
2053,enfocus software pp7.0-ug-001 pitstop pro 7.0 upgr 6.x or higher,171.97
2054,scrapbook designer platinum,17.9
2055,encore software 10076 mavis beacon typing 17 standardby broderbund,17.97
2056,reader rabbit 1st grade,17.9
2057,encore software 10118 adventure workshop 4th-6th grade 7th ed sb cs by riverdeep,17.97
2058,the big mix,36.9
2059,enfocus software ss4.0-ug-001 upg pitstop server 4.0 single from 3.x,677.97
2060,elementary school success deluxe 2006,15.9
2061,encore software 13931 3d home architect landscape design deluxe version 9,25.97
2062,instant immersion language lab deluxe edition,14.9
2063,encore software 10991 pc tools spyware doctor 2007 sbcs by pc tools,25.97
2064,reader rabbit playtime for baby & toddler,9.9
2065,punch software 10602 concepts 2d cad design,38.97
2066,clipart & more 250000 ( jc ),9.9
2067,encore software 11941 the print shop zoom,17.97
2068,lavasoft ad-aware plus edition,24.9
2069,enfocus software pp7.0-u1-001 pitstop pro 7.0 upgr 5.x or below,257.97
2070,resume writer deluxe,12.9
2071,encore software 13791 super granny 3,17.97
2072,topics entertainment reference success deluxe 2006,22.9
2073,encore software 12421 adventure workshop 8 1st-3rd,17.97
2074,national geographic : forces of nature,12.9
2075,encore software 11431 axis & allies collectors edition sb cs by hasbro,17.97
2076,math success deluxe 2006,12.9
2077,encore software 11031 calendar creator platinum sb csby riverdeep,25.97
2078,national geographic redshift planetarium,17.9
2079,encore software 14131 wheel of fortune deluxe,17.97
2080,music made easy guitar,9.9
2081,encore software 13781 westward,17.97
2082,instant home design 1 ( jc ),12.9
2083,encore software 11141 fate sb cs by wild games,17.97
2084,web shop platinum,36.9
2085,punch software 10604 concepts unlimited cad design,912.97
2086,magix pictures to cd & dvd,14.9
2087,encore software 13881 tlc dr seuss reading learning system 2008,17.97
2088,e-jay sound selection 2,22.9
2089,encore software 13871 tlc reader rabbit 1st grade learning system 2008,17.97
2090,clifford thinking,12.9
2091,encore software 11231 hoyle bridge club sb cs by us playing cards,25.97
2092,mastercook deluxe low carb edition,17.9
2093,encore software 10691 the print shop 22 sb cs by the print shop,25.97
2094,high impact email marketing 3.0,12.9
2095,encore software 10861 family tree maker version 16 collectors edition sb cs,81.97
2096,encore software 10119 adventure workshop 4th-6th grade 7th edition win xp,18.97
2097,i spy spooky mansion deluxe i spy book and mini-cd,17.9
2098,encore software 11611 scrabble with bonus clue sb cs by hasbro,17.97
2099,kids power fun for little ones,15.9
2100,encore software 10634 3d home architect home v. 8 by,33.97
2101,topics presents : museums of world,12.9
2102,encore software 11191 scrabble sb cs by hasbro,17.97
2103,boost xp,15.9
2104,individual software pmm-bp6 business planmaker professional 2007 win 98 me 2000 xp,33.97
2105,jumpstart phonics ( jc ),9.9
2106,trudys time & place house,9.9
2107,sage software acts2005rt act ! 7.0 2005,225.99
2108,the printshop 20,19.9
2109,motu digital performer dp5 software music production software,319.95
2110,teach yourself to sing,9.9
2111,personal imagemanager,22.9
2112,adobe production premium cs3 software suite for windows professional editing software,1698.95
2113,matchbox cross town heros,14.9
2114,h & r block taxcut premium federal software for mac and windows tax & finance software,18.95
2115,apple . mac family pack software five user license with 1-year subscription apple & mac software,179.0
2116,sibelius g7 software for guitarists music production software,113.5
2117,nero nero 7 ultra edition enhanced cd/dvd burning software for windows authoring software,79.99
2118,apple mac os x v10 .4 tiger software single user apple & mac software,114.0
2119,middle school math & science,12.9
2120,ableton live 6 software educational discount ( additional license ) music production software,215.0
2121,kids power fun for kids,15.9
2122,make finale 2006 software music production software,424.95
2123,i copy dvds 2 ultra edition,29.9
2124,onone software inc. pfb-10211 pro digital frame bundle 1u,92.97
2125,custom land designer 3d 7.0,12.9
2126,encore software 10990 pc tools spyware doctor 2007 win 98 me 2000 xp,26.97
2127,drive washer 2005,24.99
2128,ableton live 6 software educational discount music production software,299.0
2129,movies on psp,15.9
2130,steinberg wavelab studio 6 audio editing software competitive crossgrade music production software,199.95
2131,mavis beacon 16,17.9
2132,bias peak le 5 software music production software,99.0
2133,phonics success deluxe 2006,22.9
2134,treasure mathstorm,9.9
2135,apple software m9953z/a remote desktop 2.2 10 client,294.99
2136,the land before time : preschool adventure,12.9
2137,microsoft microsoft office 2004 software suite mac education apple & mac software,148.95
2138,mp3 radio recorder for ipod,22.9
2139,marine aquarium & goldfish screen saver by encore software,19.99
2140,tycoon pack ages 8 & up,15.9
2141,system mechanic 6 professional,36.9
2142,ableton live 6 software upgrade to live 6 for owners of live 5 music production software,219.0
2143,instant immersion translator deluxe 2.0,22.9
2144,individual software prm-r12 resumemaker professional 12.0,29.99
2145,zone alarm pro 5,12.9
2146,intuit quicken home and business 2007 software for windows tax & finance software,89.95
2147,instant play electric guitar express ( jc ),12.9
2148,vitec multimedia dvd toolbox-2 toolbox2 software authoring software,394.95
2149,web page designer gold,36.9
2150,pg music band in a box software for windows music production software,74.95
2151,i spy treasure hunt with i spy book and mini-cd,17.9
2152,media 100 cinestream editing & streaming software consumer video editing software,49.95
2153,mavis beacon teaches typing v17 deluxe pc/mac,29.9
2154,adobe after effects professional 7 software for windows effects software,999.0
2155,topics presents : ancient civilizations,12.9
2156,steinberg cubase 4 software music production software,799.99
2157,simple movie maker,12.9
2158,apple mac os x v10 .4 tiger software family pack apple & mac software,199.95
2159,jumpstart 1st grade ( jc ),9.9
2160,autodesk autodesk combustion 4 motion graphics software compositing software,994.95
2161,instant landscape design 3.0,17.9
2162,symantec norton internet security 3.0 software for macintosh apple & mac software,89.95
2163,acid music studio 6,59.95
2164,autodesk combustion 4.0 compositing software win compositing software,889.0
2165,microsoft microsoft office pro 2004 software suite mac apple & mac software,498.95
2166,the sims expansion collection vol 1,8.72
2167,cakewalk sonar 6 studio edition software music production software,279.95
2168,cisco 837 router ios ip/fw/plus 3des cisco systems s837chpk9-12410 =,64.16
2169,sibelius compass music composition teaching software music production software,119.95
2170,the city of prague philharmonic peter deneff yamaha 504168 the godfather trilogy smart pianosoft,18.5
2171,apple shake 4.1 digital compositing software for mac os x effects software,498.95
2172,power production storyboard quick 5 software for mac and windows animation software,299.0
2173,corel ulead dvd moviefactory 6 software for windows authoring software,49.95
2174,resco explorer 2007 for pocketpc windows mobile software for pocket pc,29.95
2175,bias deck 3.5 le digital audio recording software music production software,69.95
2176,apple iwork '06 family pack software apple & mac software,99.0
2177,adobe after effects professional 7.0 software effects software,998.95
2178,panda software gatdef performa web flt mod 2001-3k 3yr a3pgdpbwfh-gov,15.0
2179,corel ulead dvd moviefactory plus 6 software for windows authoring software,79.95
2180,microsoft u02-00024 open sa biztalk hipaa accltr nt 1p,2335.47
2181,corel ulead videostudio 11 video editing and dvd authoring software for windows authoring software,89.95
2182,steinberg sequel music software music production software,99.99
2183,make printmusic 2006 software music production software,75.95
2184,symantec media 11105095,19.2
2185,sibelius auralia 2 software music production software,113.5
2186,apple xsan san data storage consolidation and file sharing software apple & mac software,999.0
2187,iparrot portuguese/english phrase translator software for ipod ipod software,16.95
2188,intuit quicken mac 2007 software finance software,69.95
2189,apple remote desktop 3 desktop management software 10-client edition apple & mac software,279.95
2190,pinnacle studio ultimate v11 video editing software for windows consumer video editing software,129.95
2191,emc securid appl mnt ent / ext 22mo per u 3505-5k app0005000ee22,24.0
2192,sibelius sibelius 4 software music production software,449.95
2193,adobe production studio premium software suite video software bundles,1698.95
2194,roxio popcorn 2 software for mac av production software,49.95
2195,microsoft microsoft office 2004 software suite mac apple & mac software,399.95
2196,crystal-graphics crystal 3d impact ! pro animation software,99.95
2197,cakewalk sonar 6 producers edition software music production software,459.95
2198,steinberg wavelab studio 6 audio editing software music production software,299.95
2199,adobe premiere pro 2.0 software professional editing software,848.95
2200,apple iwork '06 software apple & mac software,79.0
2201,adobe captivate 2 software for windows presentation software,598.95
2202,microsoft t74-00086 win sbs cal 2003 20 user c sa 805529573505,848.0
2203,h & r block taxcut home and business with state e-file efile and sage act ! 8 win tax & finance software,73.95
2204,isi researchsoft 5229 endnote 9 academic ( schools faculty & non-academics ),98.99
2205,cakewalk sonar 5 producer edition music production software,379.95
2206,microsoft office 2004 software suite oem mac apple & mac software,239.95
2207,ableton live 6 software music production software,499.0
2208,enfocus software ss4.0-sg-001 enfocus pitstop server v. 4.0 license 1 user standard license pc mac - free shipping,2453.97
2209,absolute software lfl-n2-36 computrace lojack for laptops 3 year license ( win 2000 xp ),85.97
2210,me too software 800001 i copy dvds 2 ( win 98 me 2000 xp ),43.97
2211,red mile entertainment 124 aircraft power pack for ms flight simulator win 98 me nt 2000 xp,27.97
2212,cakewalk sonar 5 producer edition competative upgrade music production software,299.0
2213,black magic woman and other songs recorded by santana,34.95
2214,absolute software lfl-n2-12 computrace lojack for laptops 1 year license ( win 2000 xp ),41.97
2215,nova development rgw-n10 winway resume deluxe 11.0,349.99
2216,symantec 11976505 symc backup exec sro 11d win system recovery option ml portfolio mpk,30.24
2217,sudoku puzzle addict : unlimited edition ( win 98 me 2000 xp ) from global software publ na,7.93
2218,panda software filesecure2006 26-50 1yr b1fs6sb-gov,22.0
2219,absolute software lfl-m2-12 computrace lojack for laptops 1 year license mac 10.2 or higher,44.97
2220,symantec media n18648h,37.37
2221,rosetta stone indonesian level 1 homeschool edition cd-rom,179.99
2222,apple/emagic logic express 7.2 software music production software,299.0
2223,symantec mail security ( v5 .0 ) for smtp with premium antispam 25-user symantec,311.83
2224,now software nuw45e1k now up-to-date & contact for windows,114.99
2225,symantec n190198 storage exec 5.5 for windows documentation kit,34.97
2226,monarch std ( v9 .0 ) network starter 4-user rtl box datawatch fpm32c090-a04n,1157.21
2227,topics entertainment 80542 instant immersion french 2.0 781735805428,18.2
2228,laplink software pafgpcmv01000p0rtpen laplink pcmover complete product desktop management 2 computer ( s ) complete product standard english pc,39.97
2229,1yr 24x7 gold support 1000u sup sw ud adv hw rep,10589.99
2230,freeverse software 4001 northland,19.99
2231,sunburst technology t03660 sunburst learn about life science : plants lab pack complete product educational 10 user complete product standard pc mac,114.97
2232,individual software prm-xw3 professor teaches excel & word,24.99
2233,enfocus ss3.5-ug-001 pitstop server v. 3.5 upgrade package 1 server for windows and mac,471.99
2234,serious magic visual communicator 2 web presentation software ( windows ) presentation software,189.95
2235,smart-sound sonicfire pro 4 corporate edition windows xp audio software for video,448.95
2236,apple ilife '06 family pack software av production software,99.0
2237,smart-sound sonicfire pro 4 corporate edition mac os x audio software for video,448.95
2238,steinberg cubase studio 4 software competitive crossgrade music production software,199.99
2239,eovia carrara 4 pro software mac/win animation software,569.0
2240,sybex book : raw 101 : better images with photoshop and photoshop elements photoshop software,24.95
2241,smart-sound sonicfire pro 4 mega bundle mac os x audio software for video,798.95
2242,mediapilot kit,29.99
2243,power production power production storyboard artist software animation software,498.95
2244,smart-sound sonicfire pro 4 mac os x audio software for video,198.95
2245,autodesk 52711-051462-h326 ais 11 comm cg from a-cad m 2005 dvd,1614.24
2246,serious magic ultra master sets library 1 effects software,339.95
2247,final-draft final draft 7 screen writing software mac/win screen writing software,249.95
2248,datapilot universal pro kit ( win 2000 xp vista/mac 10.3.8 or later ),79.95
2249,apple ilife '06 software av production software,79.0
2250,steinberg cubase studio 4 software educational discount music production software,179.95
2251,cakewalk sonar 5 studio edition music production software,229.95
2252,windows sbs premium 2003 r2 upgrade cd/dvd 5clt microsoft t75-01256,531.25
2253,apple remote desktop 3 unlimited client edition mac apple & mac software,498.95
2254,avocent dsv3-sw dsview3 portfilio b 1 hub 1 spoke 5 usr software dsview v. 3 license 5 users 1 hub 1 spoke win 0636430024974,3969.58
2255,apple mac os x server tiger unlimited apple & mac software,998.95
2256,panda software truprevent corporate 2006 5-25 1yr b1prse6a,25.0
2257,microsoft excel 2004 spreadsheet software mac apple & mac software,228.95
2258,laplink software pafglle104000p0rtpen laplink everywhere v. 4.0 retail edition remote management complete product remote management complete product pc,39.97
2259,native instruments traktor dj studio 3 dj rig update from traktor dj studio 1 and 2 music production software,99.0
2260,omniform ( v5 .0 ) premium with 20 filler lic nuance 8609x-w00-5 .0,384.97
2261,webroot software inc 28310 child safe 3-pc win 2000 xp vista,16.97
2262,emc securid appl mnt entupg / ext 10mo per u 40005-50 app0050000ue10,13.0
2263,webroot software inc 50210 spy sweeper w/antivirus family edition ( mass merchant ) win 2000 xp,41.97
2264,webroot software inc 31250 spy sweeper spanish win 2000 xp,25.97
2265,webroot software inc 50410 spy sweeper w/antivirus family edition ( small box ) win 2000 xp,41.97
2266,individual software prm-xw3 professor teaches excel & word,24.99
2267,freeverse software 006 active lancer,18.99
2268,interscan viruswall 25 user trend micro vwscwwe6xybupn-25,599.25
2269,now software nuw45e1k now up-to-date & contact for windows,114.99
2270,individual software jce-wn5 professor teaches windows j/c,9.99
2271,individual software prm-wn5 professor teaches windows xp,24.99
2272,emc cz24h6175 emc retrospect 7.5 client 5pk windows emc insignia retrospect clients v. 7.5 upgrade package 5 clients cd win 0093156011419,47.26
2273,punch software 35100 punch ! professional home design suite ( small box ),62.99
2274,bias peak pro 5 software music production software,499.0
2275,adobe 22101251dg glp acrobat capture v3 win cd set,20.13
2276,encore software 10599 encore registry mechanic v. 5.1 complete product utility 1 user ( s ) complete product standard pc,25.97
2277,abacus software s546 usa extreme landscapes for fs2004 and fs2002 3cd set,28.99
2278,encore software 12391 encore math advantage 2008 educational pc,33.97
2279,emc securid appl mnt base / ext 14mo per u 505-750 app0000750be14,23.0
2280,encore software 10450 encore high school advantage v. 2007 complete product training/wbt 1 user complete product standard pc,25.97
2281,encore software 12021 encore cool tools for xp utility pc,17.97
2282,encore software 10610 encore creating keepsakes scrapbook designer platinum complete product creativity application 1 user complete product standard pc,33.97
2283,encore software 10038 encore the print shop v. 21.0 deluxe print management pc,41.97
2284,guild 2 : pirates of the seas,23.99
2285,ahead software 70115 nero 7 ultra edition enhanced mini pc & home entrmnt soln,83.97
2286,encore software 11181 encore monopoly here & now board game pc,17.97
2287,upg crystal reports 11 pro french,264.99
2288,apple/emagic logic pro 7.2 software upgrade music production software,259.95
2289,webroot software 65210 spy sweeper 3 pc,31.99
2290,encore software 12361 encore elementary advantage 2008 training/wbt pc,33.97
2291,apple/emagic logic pro 7.2 software music production software,999.0
2292,adobe audition 2.0 audio production software educational discount audio software for video,148.95
2293,panda software ae gatedef 8050 antispm mod 5001-7500 3yr b3pgdaasj-edu,14.0
2294,native instruments traktor dj studio 3 software based dj rig music production software,199.0
2295,expression blend cd/dvd edu-english microsoft phj-00040,40.42
2296,make finale 2007 software educational discount music production software,289.95
2297,panda software ae clientshield truprev 2001-3ku 3yr b3csprh-edu,24.0
2298,nikon image authentication software other software,499.95
2299,ventura 10 dvd,662.5
2300,emc securid appl mnt base / std 6mo per u 1505-2k app0002000bs6,14.0
2301,intuit quickbooks simple start edition 2007 software for windows tax & finance software,83.95
2302,intuit quickbooks pro 2007 software for windows tax & finance software,179.95
2303,mp3 maker 12 deluxe : windows,29.99
2304,emc auth mgr mnt base 24x7 10m per/u 7505-10000u aut0010000be10,15.0
2305,ik multimedia groovemaker 2.5 live-remixing liveremixing software music production software,59.95
2306,checkpoint zonelabs cpzl-media1-zap-wf,26.13
2307,sony vegas movie studio + dvd v8 platinum edition video editing software professional editing software,129.95
2308,adobe premiere pro cs3 video editing software for mac av production software,798.95
2309,bling software limited 05013 123 movies 2 ipod w / av cables umd size,26.14
2310,corel intervideo windvd 8 gold software for windows authoring software,49.95
2311,symantec 11105054 sym web sec win 3.0 media cd en,17.49
2312,avid xpress pro hd video editing software academic win and mac professional editing software,295.0
2313,instant immersion italian platinum ( win 95 98 me nt 2000 xp ),129.99
2314,pinnacle mobile media organizer software for windows ipod software,39.95
2315,adobe acrobat ( v8 .0 ) pro win up from std adobe 22020452,151.27
2316,microsoft powerpoint 2004 software mac apple & mac software,228.95
2317,autodesk maya 8.5 complete 3d animation software slm animation software,1989.95
2318,h & r block taxcut premium federal and state software for windows usb tax & finance software,29.95
2319,the sage group plc act ! prem f/web 2005 upg assr 2pts lvl b 25-149pts actua70wb6qb,114.0
2320,final-draft final draft av 2.5 screenwriting software mac/win screen writing software,199.95
2321,digidesign pro tools hd 7.3 software upgrade music production software,199.0
2322,adobe 61028030dg glp pdf gen ps-distiller lnx cd clp tlp 7.2,20.0
2323,corel ulead videostudio 11 plus video editing and dvd authoring software win authoring software,129.95
2324,lynda 02384 . com final cut pro 5 beyond the basics ( 5 macosx dvd ),63.97
2325,make finale allegro software music production software,164.95
2326,victory multimedia swolf6r submitwolf v6 .0 9x/me/nt / 2k/xp by trellian llc * free shipping *,145.0
2327,final-draft scriptwriter 's suite 2.5 screenwriting software mac/win screen writing software,279.95
2328,kutoka interactive 61208 mias math adventure ( just in time ) ( win 95 98 me 2000 xp/mac 8.6-9.x ( classic ) x v10 .1 or higher ),18.97
2329,intuit quicken premier 2007 software for windows tax & finance software,73.95
2330,freeverse software 5003 bumpercar 2.0 mac web browser,28.99
2331,steinberg wavelab studio 6 audio editing software educational discount music production software,149.95
2332,designing forms with microsoft office infopath 2007,36.39
2333,make finale 2007 software music production software,429.95
2334,arcserve bkup protection suite exch r11 .5 upg-v prod only,2249.99
2335,mackie tracktion 3 project bundle music production software,99.99
2336,webroot software 54210 desktop firewall,26.99
2337,adobe 22011152 audition2 win retail ue 1u,296.2
2338,punch software 38100 punch ! super home suite ( small box ),45.99
2339,encore software 10478 encore printmaster v. 17.0 gold complete product creativity application 1 user ( s ) complete product standard pc,17.97
2340,encore software 10546 encore tlc star flyers 2nd grade learning system 2007 complete product educational 1 user complete product standard pc mac,17.97
2341,encore software 10647 encore math advantage 2007 complete product educational 1 user complete product standard pc,17.97
2342,symantec antivirus ( v10 .2 ) sbs for workstations / network servers 5-user symant,178.72
2343,encore software 12441 encore spongebob squarepants typing fun time management,17.97
2344,sco operations unixware v. 7.1.4 license da400-uw00w-7 .1.4,75.0
2345,encore software 12371 encore middle school advantage 2008 training/wbt pc,33.97
2346,preston reed homespun video 641054 the guitar of preston reed,29.4
2347,encore software 10568 encore hoyle puzzle & board games 2005 complete product puzzle game 1 user complete product standard pc,17.97
2348,encore software 12491 encore kissing canines screen saver,17.97
2349,panda software webadmin 101-250u 1yr b1aspwad,37.0
2350,encore software 460001 the big box of art 410000 95/98/me / nt4/w2k/xp ( win 95 98 me nt 2000 xp ),17.97
2351,citrix sys mw73htc1000 metaframe conf mgr 3.0-media kit,45.99
2352,onone software inc. gfn-42001 genuine fractals print pro v. 4.1 with nik sharpener pro 2.0 license standard license pc mac,320.97
2353,1998 sourcebase cd-rom,69.95
2354,encore software 10566 encore hoyle card games 2005 complete product sports game 1 user complete product standard pc,17.97
2355,encore software 12411 encore adventure workshop preschool-1st grade 8th edition educational pc,17.97
2356,encore software 10374 encore professor fuji 's sudoku deluxe complete product educational game 1 user ( s ) complete product standard pc,17.97
2357,vpn manager 10 fireboxes watchguard wg4010,831.36
2358,encore software 10033 encore the print shop v. 21.0 complete product print management 1 user ( s ) complete product standard pc,25.97
2359,encore software 10476 encore home and business lawyer 2006 deluxe complete product legal reference 1 user complete product standard pc,17.97
2360,encore software 10593 encore tlc clue finders math learning system 2007 complete product educational 1 user complete product standard pc mac,17.97
2361,encore software 12511 encore alien disco safari action/adventure pc,17.97
2362,encore software 10676 encore hoyle casino 2007 complete product puzzle game 1 user complete product standard pc,17.97
2363,sibelius sibelius 4 software educational discount music production software,249.95
2364,microsoft 059-03871 molpc word sa,111.78
2365,poser 7 ( win 2000 xp/mac 10.4 or higher ub ),199.99
2366,masque 10194 slots from bally gaming pc,18.99
2367,intuit quicken deluxe 2007 software for windows tax & finance software,54.95
2368,panda software bus sec 2006 w / truprevent 251-500 3yr b3pbsa6e-gov,48.0
2369,apple . mac software 1-year subscription apple & mac software,99.0
2370,steinberg cubase 4 software competitive crossgrade music production software,399.99
2371,donny hathaway yamaha 503770 a donny hathaway collection smart pianosoft,14.86
2372,adobe audition 2.0 audio production software music production software,348.95
2373,encore software 10485 encore printmaster v. 17.0 platinum complete product creativity application 1 user complete product standard pc,33.97
2374,computer associates mdlweb99000352 model web publisher 3.52,835.99
2375,encore software 25005 encore marine aquarium v. 2.0 complete product screen saver 1 user ( s ) complete product standard pc mac,18.97
2376,emc keon web passport per/u 40001-50000u kwp-500000,18.0
2377,adobe after effects cs3 professional software for mac effects software,998.95
2378,sibelius groovy music teaching software music production software,59.95
2379,roxio easy media creator 9 suite software for windows authoring software,98.95
2380,emc auth mgr mnt ent/ext 21m per/u 200005-500000 aut0500000ee21,15.0
2381,freeverse software 4024 freeverse robin hood the legend of sherwood strategy game mac,26.97
2382,3mds network operations managerdiy annual subscptn 101 500u,144.63
2383,sibelius photoscore professional scanning software music production software,179.95
2384,corel intervideo dvd copy 5 platinum software for windows authoring software,49.95
2385,sunburst to6090 key skills for math : subtracti,47.99
2386,intuit quicken basic 2007 software for windows tax & finance software,29.95
2387,emc securid appl mnt base / std 8mo per u 2505-3500 app0003500bs8,15.0
2388,student home learning system,109.99
2389,corel intervideo dvd copy 5 express software for windows authoring software,29.95
2390,power production power production storyboard artist v4 .2 software animation software,749.0
2391,adobe premiere elements 3.0,89.99
2392,steinberg cubase 4 software educational discount music production software,349.95
2393,adobe production premium cs3 software suite for mac av production software,1698.95
2394,solid gold,29.95
2395,adobe premiere elements 3 video editing software for windows consumer video editing software,99.95
2396,freeverse software 4015 big bang board games,18.99
2397,individual software pro-tsm hanes t-shirt maker deluxe,24.99
2398,onone software inc. mpr-40212,66.27
2399,punch software 35100 punch ! professional home design suite ( small box ),62.99
2400,punch software 20100 punch ! 5 in 1 home design,35.99
2401,make songwriter software music production software,37.95
2402,punch software 41100 punch ! home design architectural series 18,118.99
2403,freeverse software 010 wingnuts 2 raina 's revenge,23.95
2404,business objects t-59j-e-56-wx crystal rpt 11 report essentials cbt,178.49
2405,freeverse software 4024 robin hood : the legend of sheerwood,28.99
2406,systran boxed b67-1-enwdvd7,401.8
2407,panda software filesecure2006 w / truprevent 1001-2k 2yr b2fs6g-gov,20.0
2408,ringtone media studio 2.0 ( bil,14.99
2409,cisco ciscoworks v. 6.1 for windows upgrade cww-6 .1 - win-mr,225.0
2410,individual software jce-wn5 professor teaches windows j/c,9.99
2411,office mac 2004 microsoft 731-01002,331.77
2412,individual software prm-wn5 professor teaches windows xp,24.99
2413,firebox x550e gateway antivirus intrusion prevention service 1yr watchguard -,329.37
2414,freeverse software 005 solace,18.99
2415,aspyr media 10900 star wars battlefront mac,39.99
2416,freeverse software 006 active lancer,18.99
2417,yamaha 501253 sue downs sue 's noodles,22.13
2418,sound forge audio studio 9,66.89
2419,windows vista business sp microsoft 66j-00063,272.38
2420,punch software 38100 punch ! super home suite ( small box ),45.99
2421,punch software 17100 punch ! super home suite,45.99
2422,flyboys squadron mac,24.99
2423,microsoft student with encarta premium 2008 complete package,43.6
2424,software cinema dvd-rom : dvdrom : the painted portrait for photographers ( training ) photoshop software,124.95
2425,webroot software 65210 spy sweeper 3 pc,31.99
2426,punch software 14100 punch ! home design suite professional architectural 1 user ( s ) pc,59.97
2427,phillip keveren 501056 hollywood volume 1,23.59
2428,synercard 962011004 asure id express software and quick 754563863694,498.57
2429,webroot software inc 17210 window washer win 98 me 2000 xp,25.97
2430,ca iss2007lec10 ca internet sec ste 2007 w/warranty xl box ecommerce 10u 0757943317589,153.86
2431,webroot software inc 28410 child safe win 98 me 2000 xp vista,34.97
2432,punch software punch ! super home suite,49.95
2433,panda software ae gatedef 8050 av mod 1001-2ku 1yr b1pgdaavg-edu,16.0
2434,csdc jc212 spanish 1-2-3 on hand software,9.99
2435,punch software 17100 punch ! super home suite,45.99
2436,computer associates ca server protection r3 .1 base & 5u spa [ non-returnable ],628.82
2437,panda software dominosecure 101-250 1yr b1ds6d,22.0
2438,punch software 17100 punch ! super home suite v. 3.0 complete product architectural 1 user complete productcomplete productstandard english pc,45.97
2439,panda software gatdef performa anti-mal ware mod 251-500 1yr a1pgdpbave-gov,20.0
2440,onone software ele-10211 on1 essentials v. 1.0 for photoshop elements complete product graphics/designing 1 user complete product standard english pc mac,50.97
2441,microsoft windows vista ultimate upgrade,239.95
2442,sony media software cinescore soundtrack creation software audio software for video,179.95
2443,software cinema dvd rom : how to wow best of photoshop cs2 ( training ) photoshop software,124.95
2444,onone software pps-30212 on1 plug-in suite v. 3.0 for adobe photoshop upgrade image collection/editing/archive pc mac intel-based mac,274.97
2445,onone software pps-30211 on1 plug-in suite v. 3.0 for adobe photoshop complete product image collection/editing/archive complete product pc mac intel-based mac,365.97
2446,symantec pcanywhere 11.0 windows,19.99
2447,punch software 86100 prof home design platinum v10 sb win 98 me nt 2000 xp,84.97
2448,avanquest pdf-xp5-0005 expert pdf pro 5 5 user pack uk,88.64
2449,software cinema dvd-rom : dvdrom : photoshop cs2 combo set with extras ( training ) photoshop software,299.0
2450,sonicwall comprehensive gateway security for tz 150 series 25 node sonicwall -,107.01
2451,emc auth mgr mnt ent/ext 17m per/u 2505-3500 u aut0003500ee17,22.0
2452,sound studio 3 for mac,79.99
2453,individual software prm-r12 resumemaker professional 12.0,29.99
2454,emc auth mgr mnt base 24x7 2m per/u 30-50u aut0000050be2,15.0
2455,encore software 32179 encore kid pix deluxe 4 home edition complete product graphics/designing 1 user ( s ) complete product standard pc mac,17.97
2456,panda software gatdef performa anti-spam mod 2001-3k 1yr a1pgdpcash-gov,14.0
2457,knowledge adventure inc. 20223 jumpstart world 1st grade mini box,16.93
2458,bling software limited 873172050209 safekeeper plus win 2000 xp,35.97
2459,t-shirt factory deluxe 3.0,27.99
2460,apple software m9953z/a remote desktop 2.2 10 client,294.99
2461,beginning web matrix starter kit-microsoft microsoft press 0-7356-1856-9,10.25
2462,century software tt-5 century tinyterm v. 4.2 x complete product emulation 5 user ( s ) complete product standard pc,395.97
2463,now software num50e1r up-to-date & contact v. 5.0 complete product contact management 1 user ( s ) complete product standard mac,107.97
2464,outlook 2007 edu microsoft 543-03865,50.13
2465,onone software inc. mpr-40212 on1 mask pro v. 4.0 upgrade graphics/designing 1 user upgrade package standard pc mac,66.97
2466,mindjet inc. mm7m mindjet mindmanager 7 mac single user w/wmedia,112.97
2467,quark 119700 quarkxpress 6.5 mac,736.99
2468,punch software 14100 punch ! professional home design suite for windows,62.99
2469,cisco csa-b250-dtop-k9 cisco security desktop agent win + sol 250 agent bundle cisco security desktop agent license 250 agents 0746320832500,10267.54
2470,intuit inc 284216 qckbks prem nonprofit ed 2005,404.0
2471,adobe soundbooth cs3 audio editing software windows music production software,198.95
2472,intuit quickbooks customer manager 2.5 for windows tax & finance software,79.95
2473,adobe soundbooth cs3 audio editing software mac music production software,198.95
2474,word mac 2004 upgrade microsoft d48-00488,97.36
2475,century software ttpl-1 century tinyterm plus v. 4.0 complete product connectivity/data acess 1 user ( s ) complete product standard english pc,188.97
2476,now software nuw45e1k now up-to-date & contact complete product content management 1 user ( s ) complete product standard pc,107.97
2477,nuance communications inc. m009a-l00-4 .0 pdf create v4 english,46.42
2478,onone software inc. gpp-55212 upg genuine fractals print pro 5 1u,66.97
2479,aec software 2073001000122 aec details v. 3.0 complete product project management/version control 1 user ( s ) complete product academic english pc,89.97
2480,microsoft b21-00806 ae mappoint 2006 cd,50.39
2481,onone software inc. gfs-50212 on1 genuine fractals v. 5.0 upgrade image editing 1 user pc mac intel-based mac,66.97
2482,onone software inc. pfp-30002 photoframe v. 3.0 pro upgrade image editing 1 user ( s ) version upgrade standard pc mac,66.97
2483,aec software 10101090220000101 aec fasttrack schedule v. 9.0 complete product project management/version control 1 user ( s ) complete product standard mac,348.97
2484,punch software 13100 punch ! ultimate deck & landscape complete product creativity application 1 user ( s ) complete product standard pc,29.97
2485,onone software inc. ppi-12005 pro photo essentials plug in suite & iview mediapro 3,450.97
2486,visual c . net step by step microsoft press 0-7356-1289-7,14.95
2487,holdan edius nx express for hdv realtime dv / hdv video production,1232.58
2488,century software tt-1 century tinyterm v. 4.3 x emulation 1 user ( s ) english french german spanish italian polish portuguese pc,120.97
2489,symantec 10725608 norton internet security 2007 internet security 1 user ( s ) pc,64.97
2490,punch software 26100 punch ! master landscape & home design architectural 1 user ( s ) pc,45.97
2491,ahead software 70009 nero nero v. 7.0 ultra edition - enhanced complete product media management/conversion 1 user complete product standard pc,83.97
2492,hewlett packard ba154aa dp open file agent win 5wkst ltu,320.44
2493,encore 10023 hoyle mahjongg for pc,6.99
2494,corel corporation ptr9engpcma ae painter ix win/mac,89.99
2495,sat act & psat 2007 platinum,29.85
2496,cakewalk sonar home studio 6 software music production software,99.0
2497,office pro 2007 upgrade microsoft 269-10294,257.71
2498,netopia sw2510p,586.77
2499,autodesk maya 8.5 unlimited 3d animation software slm animation software,6998.5
2500,iolo technologies ds3e25,336.3
2501,instant immers french dlx 2,27.57
2502,cakewalk project5 version 2 software music production software,199.0
2503,adobe premiere elements 3 and photoshop elements 5 software for windows consumer video editing software,149.95
2504,macrovision corporation consumer s/w update 4.0 tier 3 rnwl 5k-9999 up04003j,3159.0
2505,cakewalk sonar home studio 6 xl software music production software,159.0
2506,allume systems inc stfmapbx2 faxstf pro,43.36
2507,nova development bsw business plan writer deluxe 8.0,94.99
2508,individual software jce-th6 total 3d home deluxe j/c,9.99
2509,freeverse software 4012 3d bridge deluxe ( retail box ) for mac,18.99
2510,punch software 26100 punch ! master landscape and home design ( small box ),45.99
2511,emc auth mgr mnt base 9x5 23m per/u 7505-10000u aut0010000bs23,17.0
2512,topics entertainment cs-50613 snap ! 8 player poker 5 pack,18.99
2513,microsoft r18-00908 windows server 2003 client access license 20-pack ( per user ),688.99
2514,individual software prm-rce resumemaker career edition,34.99
2515,individual software qne-t15 typing quick & easy 15.0,24.99
2516,intuit quickbooks pro 2007 software for mac finance software,189.95
2517,corel intervideo windvd 8 platinum software for windows authoring software,69.95
2518,microsoft powerpoint mac 2004 version upgrade,89.99
2519,brocade comm 4100 secure fabric os w/2yr sw sup br-3900sec-02-t,9534.0
2520,native instruments traktor dj studio 3 software based dj rig music production software,124.5
2521,corel ulead videostudio 11 plus software for win educational license authoring software,89.95
2522,ik multimedia groovemaker le live-remixing liveremixing software music production software,29.99
2523,anti-spyware 3.0 win normal 1u new,24.99
2524,adobe after effects cs3 professional software for windows effects software,998.95
2525,antivirus 2007 win uk ca av2007dgbp01e,13.1
2526,emc securid appl mnt ent / ext 23mo per u 5005-7500 app0007500ee23,23.0
2527,encore software 10075 encore mavis beacon teaches typing v. 17.0 standard typing tutor pc mac,18.97
2528,panda software gatdef performa anti-mal ware mod 3001-5k 2yr a2pgdpaavi-edu,18.0
2529,h & r block taxcut home and business with state and e-file efile software for windows tax & finance software,73.95
2530,intuit quickbooks premier professional services edition 2007 software win tax & finance software,349.95
2531,emc securid appl mnt ent / std 5mo per u 30005-40k app0040000es5,13.0
2532,h & r block taxcut premium federal and state with e-file efile software mac/win tax & finance software,54.95
2533,vitec multimedia mpeg toolbox-2 toolbox2 software authoring software,149.95
2534,zetafax 10u tech support annual technical support pack,109.99
2535,individual software prm-ss3 professor teaches office super set ( mass merchant box ) ( win 98 me 2000 xp ),27.97
2536,individual software pmm-ss3 professor teaches office super set ( small box ) ( win 98 me 2000 xp ),27.97
2537,ik multimedia ez-mixer ezmixer software music production software,29.99
2538,emc insignia retrospect server client v. 7.5 complete package,181.97
2539,encore software 11770 risk ii win 95 98,7.69
2540,encore software 10565 hoyle card games 2007 win 98 me 2000 xp,18.97
2541,encore software 11230 hoyle bridge club win 2000 xp,26.97
2542,encore software 11960 hoyle casino 3d win 98 me 2000 xp,7.69
2543,encore software 11190 scrabble win 98 me 2000 xp,18.97
2544,encore software 10741 the print shop 22 deluxe sb cs by the print shop,42.97
2545,encore software 13790 super granny 3 win 98 me 2000 xp vista,18.97
2546,encore software 10272 marine aquarium + sharks win 98 me 2000 xp,7.69
2547,encore software 10072 mavis beacon typing 17 deluxe by broderbund,33.97
2548,encore software 12510 alien disco safari win xp vista,18.97
2549,encore software 11620 axis & allies win 98 me 2000 xp,7.69
2550,encore software 10463 clickart fonts ( 2006 ) by encore,17.97
2551,encore software 13840 defcon : global nuclear domination game win 98 me 2000 xp vista,18.97
2552,encore software 10279 sharks 2.0 ( win 95 98 me 2000 xp/mac 10.1 or higher ),18.97
2553,encore software 10675 hoyle casino 2007 win 98 me 2000 xp,18.97
2554,encore software 10662 hoyle jewels : swap & drop win 98 me 2000 xp,7.69
2555,encore software 14120 jeopardy jc win 98 me 2000 xp,7.69
2556,encore software 11272 hasbro : family collection ( 2006 ) win 98 me 2000 xp,18.97
2557,encore software 10313 professor fujis sudoku ( win 98 me 2000 xp ),8.27
2558,mobi-cam 70008 monitoring and notification software,89.69
2559,encore software 11182 monopoly here & now win 98 me 2000 xp,18.97
2560,encore software 10025 hoyle card games ( win 98 me 2000 xp ),7.47
2561,encore software 10393 network now ! pro by encore,33.97
2562,encore software 10023 hoyle mahjongg ( win 98 me 2000 xp ),7.47
2563,encore software 2137421 printshop business card maker ( win 98 me 2000 xp ),8.64
2564,encore software 11253 brain food games : cranium collection 2006 sb cs by encore,17.97
2565,marine aquarium & goldfishscreen saver by encore software,18.27
2566,encore software 10569 hoyle puzzle games 2007 win 98 me 2000 xp,18.97
2567,encore software 11050 hoyle 4-pack 2006 win 98 me 2000 xp,18.97
2568,encore software 14110 jeopardy! deluxe win 2000 xp vista,18.97
2569,encore software 11280 monopoly 3 win 98 me 2000 xp,7.69
2570,encore software 11930 hoyle south beach solitaire win 98 me 2000 xp,7.69
2571,encore software 10671 hoyle kids games win 98 me 2000 xp,7.69
2572,encore software 11192 scrabble champion edition win 98 me 2000 xp,18.97
2573,encore software 10636 3d home architect landscape v. 8by,25.97
2574,encore software 10673 hoyle casino 2007 win 98 me 2000 xp,18.97
2575,encore software 33041 country varmint hunter win 98 me 2000 xp,8.44
2576,encore software 11861 jewels of cleopatra win xp vista,18.97
2577,encore software 11430 axis & allies collectors edition win 98 me 2000 xp,18.97
2578,encore software 10655 hoyle bridge win 98 me 2000 xp,7.69
2579,encore software 10669 hoyle backgammon win 98 me 2000 xp,7.69
